voxel,x,y,z,voxel_idx,n_nonmissing,p_zero,n_outlier_removed,mad,var_I,error,mean_I,converged
7023403,107,123,123,1,20,0.0,0,1.3238589,1.7035372039088916,0.13909392086381644,0.25908831908940694,1.0
7023404,108,123,123,2,20,0.0,0,1.1321481,1.0710342350155468,0.228849386829628,0.2931107878909514,1.0
7023405,109,123,123,3,20,0.0,0,1.2355483,0.8301326270206484,0.33911685441683154,0.1809514509502857,1.0
7023406,110,123,123,4,20,0.0,0,1.3629171,0.9349516521647695,0.32212664867640534,0.08940972015421055,1.0
7023407,111,123,123,5,20,0.0,0,1.3802516,1.2946898714398694,0.3399311154198829,-0.1125184707451504,1.0
7023408,112,123,123,6,20,0.0,0,1.7175646,1.7983235090218366,0.5822108432743323,-0.42682828666984635,1.0
7023409,113,123,123,7,20,0.0,0,2.075015,2.362837314647445,0.5434595333425466,-0.547528712783842,1.0
7023410,114,123,123,8,20,0.0,0,2.1683931,2.4267757762512137,0.851831629057326,-0.6793199777644203,1.0
7023411,115,123,123,9,20,0.0,0,1.7984896,2.609631655685273,0.5518122949936627,-0.6944209337250504,1.0
7023627,107,124,123,12,20,0.0,1,1.100427,1.3802376645674699,0.21070922952888338,0.28396069919222716,1.0
7023628,108,124,123,13,20,0.0,0,1.0252883,0.9000559532868724,0.21208555813253202,0.28543947636789974,1.0
7023629,109,124,123,14,20,0.0,0,1.1834224,0.7018966033291651,0.3099644274988225,0.16704397648611613,1.0
7023630,110,124,123,15,20,0.0,0,1.2592468,0.6077433770034748,0.5293957401810823,0.026959538462107854,1.0
7023631,111,124,123,16,20,0.0,0,1.3916969,1.2843409679664708,0.26861135150152843,-0.1314616746033654,1.0
7023632,112,124,123,17,20,0.0,0,1.6445569,1.9187037812057153,0.38040634696878206,-0.43620657924575634,1.0
7023633,113,124,123,18,20,0.0,0,1.9755802,2.22747024193993,0.5506463786805275,-0.6326516717639122,1.0
7023634,114,124,123,19,20,0.0,0,2.3216329,2.4270151913369133,0.8861986359079203,-0.759175512031408,1.0
7023635,115,124,123,20,20,0.0,0,1.9350194,2.739182613579725,0.47799964108499954,-0.7345951198352205,1.0
7023636,116,124,123,21,20,0.0,3,1.1372058,1.5309533593559643,0.4686911226395845,-0.0643467522951504,1.0
7023851,107,125,123,23,20,0.0,0,1.1366009,1.0314839646394804,0.3243323236808623,0.3358702063992279,1.0
7023852,108,125,123,24,20,0.0,0,1.113502,0.4542922351543116,0.4018527013378348,0.26871494322974543,1.0
7023853,109,125,123,25,20,0.0,0,1.0882132,0.38619419993390885,0.4593921589193849,0.1592374815869047,1.0
7023854,110,125,123,26,20,0.0,1,0.9793407,0.5635987924859839,0.08216983970331387,-0.09003823228857669,1.0
7023855,111,125,123,27,20,0.0,0,1.3180368,0.8346484006425805,0.4250056240256369,-0.21148907023208185,1.0
7023856,112,125,123,28,20,0.0,0,1.737572,1.545627802446369,0.4235798123844205,-0.47314563393372056,1.0
7023857,113,125,123,29,20,0.0,0,1.8322285,2.079011868601316,0.2736946122548931,-0.5900538265707895,1.0
7023858,114,125,123,30,20,0.0,0,2.2182598,2.2165106481416506,0.47750571486046667,-0.7253980956674538,1.0
7023859,115,125,123,31,20,0.0,0,2.1235974,2.341217163418938,0.4775331222321011,-0.7088100942440497,1.0
7023860,116,125,123,32,20,0.0,2,1.2620299,1.5449357481276003,0.3680810028596812,-0.1889965905758578,1.0
7023861,117,125,123,33,20,0.0,2,1.2190222,1.3020358999038217,0.5851336082876057,-0.0005552023649543733,1.0
7024075,107,126,123,34,20,0.0,0,0.93164325,0.8139767744203815,0.23171050395164744,0.3599216192677627,1.0
7024076,108,126,123,35,20,0.0,0,0.8559256,0.5318561308031627,0.159965686954941,0.3809372783006707,1.0
7024077,109,126,123,36,20,0.0,1,0.73437697,0.3136314487084943,0.10803296199024567,0.08283086018338684,1.0
7024078,110,126,123,37,20,0.0,1,0.7658269,0.4402073190966389,0.12646712578923766,-0.041856710822932054,1.0
7024079,111,126,123,38,20,0.0,0,1.0697036,0.9964181937203948,0.19893890287243726,-0.19212512283505917,1.0
7024080,112,126,123,39,20,0.0,0,1.3675908,0.8181869412019571,0.829817588383915,-0.623824775220457,1.0
7024081,113,126,123,40,20,0.0,0,1.9344285,1.398486626633068,0.44449607034722793,-0.6691484451360339,1.0
7024082,114,126,123,41,20,0.0,0,2.033657,1.5555031814303155,0.8014671965156313,-0.7673564851275225,1.0
7024083,115,126,123,42,20,0.0,0,2.1567867,1.7909307035290287,0.6364814924713873,-0.7070086004470298,1.0
7024084,116,126,123,43,20,0.0,1,1.2136793,1.6987958307495723,0.45817804940122175,-0.4049994953670277,1.0
7024085,117,126,123,44,20,0.0,1,1.3223817,1.7519904362633383,0.49468835731810135,-0.2983061591777218,1.0
7024299,107,127,123,45,20,0.0,0,0.996233,0.2953921710919928,0.4595930863704944,0.37107163666910864,1.0
7024300,108,127,123,46,20,0.0,1,0.6445167,0.24504249448871204,0.07233571666975734,0.2589051094716361,1.0
7024301,109,127,123,47,20,0.0,3,0.4235964,0.2905100690936566,0.03478870050868034,0.10265634282413812,1.0
7024302,110,127,123,48,20,0.0,1,0.7360944,0.5296563623385654,0.040190376146683,-0.029123088119571004,1.0
7024303,111,127,123,49,20,0.0,2,0.8504615,0.6586066767688875,0.040614120727125065,-0.47385108462467174,1.0
7024304,112,127,123,50,20,0.0,0,1.6580746,0.727339615967316,1.0045449324053348,-0.6624733060620857,1.0
7024305,113,127,123,51,20,0.0,0,2.1479375,1.0159205429261944,0.7349082438538663,-0.771419701044116,1.0
7024306,114,127,123,52,20,0.0,0,1.856308,1.3569494151930335,0.5501374078648267,-0.8391393721470861,1.0
7024307,115,127,123,53,20,0.0,0,1.8656468,1.49171451085868,0.3472028927153193,-0.7050521374584656,1.0
7024308,116,127,123,54,20,0.0,0,1.7536962,1.4351127982944276,0.569555532541719,-0.3971985876145571,1.0
7024309,117,127,123,55,20,0.0,0,1.3722367,1.5790287033936339,0.5563878211505666,-0.27634294585235936,1.0
7024523,107,128,123,56,20,0.0,1,0.7996591,0.1879851078768689,0.15569152260288438,0.2890579127099162,1.0
7024524,108,128,123,57,20,0.0,1,0.48458183,0.15567240809354513,0.02620144778935676,0.18537383200798704,1.0
7024525,109,128,123,58,20,0.0,1,0.58135325,0.400502574373382,0.01016700944304339,0.12997161269650503,1.0
7024526,110,128,123,59,20,0.0,1,0.6681402,0.4521356922762647,0.04600446133118332,-0.12227776650952697,1.0
7024527,111,128,123,60,20,0.0,0,1.0705941,0.3303728353930126,0.7101360058882117,-0.3676325194533421,1.0
7024528,112,128,123,61,20,0.0,0,1.5394393,0.5055024705085372,1.1255854802126601,-0.6920288353832724,1.0
7024529,113,128,123,62,20,0.0,0,1.9926989,0.9440430602489175,0.8124287239501964,-0.7763798541216236,1.0
7024530,114,128,123,63,20,0.0,0,1.5105056,1.1887536045131992,0.6804375058951857,-0.8983491658669693,1.0
7024531,115,128,123,64,20,0.0,0,1.2793417,1.1874984367435149,0.40745636547703573,-0.739895850444712,1.0
7024532,116,128,123,65,20,0.0,0,1.4536695,1.0644066737653768,0.5376053794959098,-0.3875425880871191,1.0
7024533,117,128,123,66,20,0.0,0,1.5184169,1.041119752124076,0.8564969941033228,-0.12768632453408113,1.0
7024747,107,129,123,67,20,0.0,1,0.58762234,0.11192628617561885,0.10364899460547936,0.1817414439216629,1.0
7024748,108,129,123,68,20,0.0,1,0.5614614,0.18131634725049417,0.03802596610205374,0.16988603298899072,1.0
7024749,109,129,123,69,20,0.0,1,0.47490624,0.38422843103356413,0.00734099979641157,0.08349312581817674,1.0
7024750,110,129,123,70,20,0.0,0,0.9149175,0.4663150524219023,0.24647397000894897,-0.024815194320760854,1.0
7024751,111,129,123,71,20,0.0,0,1.2750701,0.2676293261321567,0.8397789576789754,-0.3594320152714945,1.0
7024752,112,129,123,72,20,0.0,0,1.5011954,0.5426553826150065,0.9256444492796345,-0.6307463943969308,1.0
7024753,113,129,123,73,20,0.0,0,1.5534949,0.9748356312622763,0.7645756026041385,-0.7007168966539502,1.0
7024754,114,129,123,74,20,0.0,0,1.3673807,1.225886349608283,0.7938906583471108,-0.9088686094047386,1.0
7024756,116,129,123,76,20,0.0,3,0.83163106,0.1437119370248287,0.6536501092717624,-0.5500390467610052,1.0
7024757,117,129,123,77,20,0.0,0,1.3616717,1.037749944931177,0.5559192908789117,-0.11141662102721885,1.0
7024971,107,130,123,78,20,0.0,2,0.30701163,0.06384885153822568,0.03586814265223533,0.05412015269987571,1.0
7024973,109,130,123,80,20,0.0,0,0.6488978,0.3161157414320916,0.26480445861067864,0.10166296362017423,1.0
7024974,110,130,123,81,20,0.0,0,1.0896422,0.38101987831566636,0.5266567088691021,-0.059422309732154094,1.0
7024975,111,130,123,82,20,0.0,0,0.9687691,0.1565993881837679,0.9273808574411023,-0.3566921229684993,1.0
7024976,112,130,123,83,20,0.0,0,1.3438721,0.15080325922726526,1.3165619548868386,-0.6337252557496041,1.0
7024977,113,130,123,84,20,0.0,0,1.3406032,0.690622151444734,0.5733742151877311,-0.6038303652959585,1.0
7024978,114,130,123,85,20,0.0,3,0.9293673,0.35891301319914265,0.19570087680124504,-0.2764738747616569,1.0
7024979,115,130,123,86,20,0.0,0,0.98539263,0.6365136701418667,0.6494805715244489,-0.6144324544613946,1.0
7024980,116,130,123,87,20,0.0,0,1.2485363,0.521529869426951,0.5644899285057011,-0.2742935866118693,1.0
7024981,117,130,123,88,20,0.0,0,1.2393924,0.6233270538913073,0.5693006370333168,0.03899762034387887,1.0
7025195,107,131,123,89,20,0.0,1,0.5250261,0.15746087830755065,0.09350313171373112,0.17949958755433462,1.0
7025196,108,131,123,90,20,0.0,1,0.47308666,0.30109647342683443,0.020904672981013245,0.12808993321900336,1.0
7025197,109,131,123,91,20,0.0,0,0.7187868,0.4515701601494511,0.1882067729809744,0.1038027170468881,1.0
7025198,110,131,123,92,20,0.0,0,1.2283906,0.2884082636296634,0.639298261776419,-0.1458371946965489,1.0
7025199,111,131,123,93,20,0.0,0,1.2540272,0.4069950573613393,0.6216245305275386,-0.28041189031650254,1.0
7025200,112,131,123,94,20,0.0,0,1.4663938,0.7350180339804921,0.3170903539810013,-0.3669538497884245,1.0
7025201,113,131,123,95,20,0.0,0,1.1646292,0.6670499897405172,0.21328353771071584,-0.41264340281967027,1.0
7025202,114,131,123,96,20,0.0,1,0.8663275,0.39467626397279576,0.4694229304652393,-0.4736921646905805,1.0
7025203,115,131,123,97,20,0.0,0,1.2014813,0.339681629806355,0.9601936549226725,-0.49939955769988253,1.0
7025204,116,131,123,98,20,0.0,0,1.205651,0.3314925692770636,0.6928147450498793,-0.21110068261360687,1.0
7025205,117,131,123,99,20,0.0,0,1.2147429,0.35663820281982705,0.5942961380565932,0.1330570540209128,1.0
7025419,107,132,123,100,20,0.0,1,0.6184949,0.2220659430694138,0.11515044524397548,0.24414908129268975,1.0
7025420,108,132,123,101,20,0.0,0,0.88592696,0.2639096801232478,0.3144051335717665,0.18846509607830983,1.0
7025421,109,132,123,102,20,0.0,0,1.1706555,0.3842558357684835,0.43402914333922804,0.03744108974909389,1.0
7025422,110,132,123,103,20,0.0,0,1.3652616,0.5089174030259922,0.4925495449904363,-0.1458549145663407,1.0
7025423,111,132,123,104,20,0.0,0,1.2524207,0.6063078920279439,0.7449984888776839,-0.2935518622234935,1.0
7025424,112,132,123,105,20,0.0,0,1.2383158,0.7063209115896504,0.7476455845344753,-0.39983448306069636,1.0
7025425,113,132,123,106,20,0.0,0,1.1626405,0.526778512225163,0.5167527653098912,-0.4287236793921784,1.0
7025426,114,132,123,107,20,0.0,1,1.0203418,0.5897597843323267,0.36436770183804446,-0.3518580600013721,1.0
7025427,115,132,123,108,20,0.0,1,1.2476083,0.2173659989003529,0.7496947652719014,-0.21320007458235166,1.0
7025428,116,132,123,109,20,0.0,1,1.0911335,0.17872194279404488,0.7942635478262815,-0.01470688654401752,1.0
7025429,117,132,123,110,20,0.0,1,0.9036753,0.571801097046642,0.13873355853702182,0.29992811134902864,1.0
7025643,107,133,123,111,20,0.0,0,0.8074625,0.394788759376191,0.16079650345182675,0.3731431813423632,1.0
7025644,108,133,123,112,20,0.0,0,0.8965256,0.34347510540121523,0.2660683204010331,0.20228303968917413,1.0
7025645,109,133,123,113,20,0.0,0,1.4922134,0.2614979615698705,0.9503097790905978,-0.013114258613058843,1.0
7025646,110,133,123,114,20,0.0,0,1.3498255,0.6773948448266983,0.7207418824103278,-0.10843522099768049,1.0
7025647,111,133,123,115,20,0.0,0,1.0436511,0.6452215397172207,0.6036376190718707,-0.24857177956282864,1.0
7025648,112,133,123,116,20,0.0,1,1.0921693,0.6760424131664173,0.14249952154574078,-0.19608577582681672,1.0
7025649,113,133,123,117,20,0.0,1,1.1747675,0.4448865626545635,0.3420129830102667,-0.26200368936546997,1.0
7025650,114,133,123,118,20,0.0,2,1.0497253,0.4426381568080456,0.29215158585920203,-0.15884050176967487,1.0
7025651,115,133,123,119,20,0.0,1,1.290729,0.23853777966237802,0.6444300887206359,-0.10982814748070914,1.0
7025652,116,133,123,120,20,0.0,1,1.032854,0.22042200267995515,0.7195041288190223,0.05514811295810347,1.0
7025653,117,133,123,121,20,0.0,2,0.7727421,0.4532373425184379,0.23021046719497743,0.3582792091237446,1.0
7080747,107,123,124,122,20,0.0,0,1.1503111,1.0108538298290655,0.18157201439143417,0.45283620059591756,1.0
7080748,108,123,124,123,20,0.0,1,0.7807889,0.5139661139318487,0.07673948814445489,0.19820007298674341,1.0
7080749,109,123,124,124,20,0.0,0,1.0892358,0.7589001676385703,0.2688583095834694,0.26660267279715744,1.0
7080750,110,123,124,125,20,0.0,0,0.9460358,1.0391722416147462,0.2851134052828551,0.1420334670554261,1.0
7080751,111,123,124,126,20,0.0,0,1.5555955,1.0394287395919763,0.6372628837509853,-0.1589494313053085,1.0
7080752,112,123,124,127,20,0.0,0,1.7927332,2.280726757431786,0.23693544318191806,-0.3475563973412243,1.0
7080753,113,123,124,128,20,0.0,0,2.0123746,2.4566423370149906,0.3669133039780568,-0.5374628156492244,1.0
7080754,114,123,124,129,20,0.0,0,2.0054202,2.6112685553170105,0.475832272851078,-0.621011823434623,1.0
7080755,115,123,124,130,20,0.0,0,2.0539362,2.7176416108297365,0.32200583177884146,-0.6020479202181934,1.0
7080756,116,123,124,131,20,0.0,0,1.5520222,2.66943807175359,0.3612214174252569,-0.42201569676298784,1.0
7080757,117,123,124,132,20,0.0,3,0.99157274,0.9291630487032037,0.6909853763728055,0.08340257704327857,1.0
7080971,107,124,124,133,20,0.0,0,1.065782,0.8111690085308877,0.27562594876216384,0.37256606796307423,1.0
7080972,108,124,124,134,20,0.0,0,0.88700163,0.4923994097637587,0.3089859178749891,0.3448816760993304,1.0
7080973,109,124,124,135,20,0.0,0,1.0420699,0.5615997724034277,0.4431825355102908,0.205301238224532,1.0
7080974,110,124,124,136,20,0.0,1,0.8568841,0.705091409686487,0.1106634063503323,-0.1094498535702981,1.0
7080975,111,124,124,137,20,0.0,0,1.1514585,1.031450100627879,0.4411099983180272,-0.1650977696983088,1.0
7080976,112,124,124,138,20,0.0,0,1.6322141,1.5349276953534654,0.555494667937703,-0.46958895008265816,1.0
7080977,113,124,124,139,20,0.0,0,1.976308,2.1148751180335243,0.31928519344370804,-0.5560812026119529,1.0
7080978,114,124,124,140,20,0.0,0,2.3965418,2.4393908195773855,0.3108446969459915,-0.611036717890974,1.0
7080979,115,124,124,141,20,0.0,0,2.1777134,2.490324073628198,0.4011379607609365,-0.6096644699573313,1.0
7080980,116,124,124,142,20,0.0,2,1.3806547,1.2934857086093274,0.37495294246826444,-0.02483277827019855,1.0
7080981,117,124,124,143,20,0.0,2,1.1922961,1.0548144674568865,0.5043015885853106,0.07627232372325457,1.0
7081195,107,125,124,144,20,0.0,0,1.023254,0.4782735862119434,0.434236226948,0.4363279789677134,1.0
7081196,108,125,124,145,20,0.0,0,0.99854815,0.4608382804128776,0.2915168557694249,0.4042354673148312,1.0
7081197,109,125,124,146,20,0.0,2,0.6544774,0.2856944706030302,0.2487389863222165,0.09107011974743333,1.0
7081199,111,125,124,148,20,0.0,1,0.91280746,0.6489521396713183,0.2660950667223809,-0.27279399713843666,1.0
7081200,112,125,124,149,20,0.0,0,1.4327259,1.2196473204822693,0.36115926032782986,-0.39986672998936507,1.0
7081201,113,125,124,150,20,0.0,0,1.951662,1.4093293449743176,0.2830334501662228,-0.5007624626158124,1.0
7081202,114,125,124,151,20,0.0,0,2.1383016,1.7945272699295445,0.22252850226558754,-0.5042795836898044,1.0
7081203,115,125,124,152,20,0.0,0,1.7923694,1.769540085130582,0.28509775303655605,-0.5546793335918134,1.0
7081204,116,125,124,153,20,0.0,2,1.1045607,1.0542546991875712,0.24782659868331505,-0.1308102533723534,1.0
7081419,107,126,124,155,20,0.0,0,0.7931762,0.4439687270811525,0.260537268938156,0.49828317761412627,1.0
7081420,108,126,124,156,20,0.0,1,0.7077251,0.33702123850383314,0.08480124157289558,0.37843956585567845,1.0
7081421,109,126,124,157,20,0.0,3,0.5440573,0.21493820617535994,0.0982597260275652,0.2981105131699757,1.0
7081423,111,126,124,159,20,0.0,0,1.1582098,0.9098099456993701,0.10685664916308173,-0.10706425019645739,1.0
7081424,112,126,124,160,20,0.0,0,1.0328846,0.8409977028073756,0.26646988329592924,-0.3856769494887634,1.0
7081425,113,126,124,161,20,0.0,0,1.2959164,0.9764372805877158,0.12464095178824842,-0.39609618504191957,1.0
7081426,114,126,124,162,20,0.0,0,1.2654743,1.0473228103715864,0.29258721488525546,-0.44331388151043316,1.0
7081427,115,126,124,163,20,0.0,0,1.2703809,1.0829343297677945,0.3246068758217519,-0.44326601920265624,1.0
7081428,116,126,124,164,20,0.0,0,1.3667228,1.1997969734620408,0.4726984525279699,-0.23096567019179262,1.0
7081429,117,126,124,165,20,0.0,1,1.1488674,1.2316862481218218,0.4207944557964931,-0.12912250086929916,1.0
7081643,107,127,124,166,20,0.0,1,0.6385132,0.19581831978080688,0.08224920648448075,0.3574480888316373,1.0
7081644,108,127,124,167,20,0.0,3,0.41176137,0.07027172310087011,0.08474906677182965,0.4454422839153627,1.0
7081647,111,127,124,170,20,0.0,0,0.99700665,0.7164640829857893,0.196828523096543,-0.18514133989728884,1.0
7081648,112,127,124,171,20,0.0,0,1.3874246,0.5881442506702782,0.5253194710422784,-0.4859877675785571,1.0
7081649,113,127,124,172,20,0.0,0,1.4230677,0.5899039315224149,0.4823272015552367,-0.5459519624976138,1.0
7081650,114,127,124,173,20,0.0,0,1.1780208,0.712431850741048,0.39291425729873797,-0.5230029075425915,1.0
7081651,115,127,124,174,20,0.0,0,0.9991307,0.6634860017788116,0.45522442882247716,-0.416200160951159,1.0
7081652,116,127,124,175,20,0.0,2,0.8526388,0.2812753779789087,0.49368925389259205,-0.4445917632002899,1.0
7081653,117,127,124,176,20,0.0,1,1.0897776,0.6110175820378407,0.6156487170811017,0.03223866741896828,1.0
7081868,108,128,124,178,20,0.0,3,0.34592092,0.07560672990125268,0.013219205246630868,0.36628237529302965,1.0
7081869,109,128,124,179,20,0.0,0,0.62834203,0.392002768612568,0.15166643274537572,0.2287352159331081,1.0
7081870,110,128,124,180,20,0.0,0,0.7541691,0.37895718704268444,0.26230502642678727,-0.02662063388765719,1.0
7081871,111,128,124,181,20,0.0,2,0.7437967,0.4792601577767883,0.11481013843569267,-0.441330577390866,1.0
7081872,112,128,124,182,20,0.0,0,1.3332938,0.476871633329057,0.7605998024279581,-0.5398433348431187,1.0
7081873,113,128,124,183,20,0.0,0,1.4144083,0.7507671771368838,0.49319275064105556,-0.5575524568216468,1.0
7081874,114,128,124,184,20,0.0,0,0.9802104,0.8856499171536978,0.32254929148287187,-0.5987859216747046,1.0
7081876,116,128,124,186,20,0.0,2,0.8224131,0.06738177604868467,0.461470092676966,-0.3624274284400599,1.0
7081877,117,128,124,187,20,0.0,0,1.2003527,0.4131582832954079,0.7433377193126128,0.1275630472241394,1.0
7082091,107,129,124,188,20,0.0,3,0.3787319,0.10818909664928596,0.042669600027621796,0.4014797465076744,1.0
7082092,108,129,124,189,20,0.0,0,0.5829032,0.32039908524533195,0.10733899064853424,0.38308465480706344,1.0
7082094,110,129,124,191,20,0.0,0,1.0438659,0.3922917908107695,0.20647295004544572,-0.018680483102745792,1.0
7082096,112,129,124,193,20,0.0,0,1.2717406,0.3869017918845525,0.9459922989348721,-0.5345834568155344,1.0
7082097,113,129,124,194,20,0.0,0,1.172986,0.7669467331324099,0.5107837909782292,-0.555378496568824,1.0
7082098,114,129,124,195,20,0.0,2,1.0449172,0.32228880993390246,0.6452419038246626,-0.4069109261027276,1.0
7082099,115,129,124,196,20,0.0,0,1.1615304,0.7373087377903332,0.49867874953164054,-0.49286945170956753,1.0
7082100,116,129,124,197,20,0.0,0,1.2140837,0.2572399316767472,0.5567876222640851,-0.0448694620289336,1.0
7082101,117,129,124,198,20,0.0,0,1.0424668,0.2951039340513682,0.5603579348589298,0.18969976532072896,1.0
7082315,107,130,124,199,20,0.0,1,0.47340488,0.2138215335443774,0.11695534034907949,0.3338297334713518,1.0
7082316,108,130,124,200,20,0.0,0,0.69739777,0.3521357293887431,0.0826520247169931,0.3195207125732416,1.0
7082317,109,130,124,201,20,0.0,0,0.6559922,0.4037134086532892,0.1319910212098716,0.17992194033944425,1.0
7082318,110,130,124,202,20,0.0,0,1.1933306,0.22408088575066923,0.42936990553231313,-0.08840846404042096,1.0
7082320,112,130,124,204,20,0.0,0,1.1226666,0.3374576500651385,0.8646317588011087,-0.4641415053914086,1.0
7082321,113,130,124,205,20,0.0,0,1.3531893,0.5267522475501486,0.4832247512777536,-0.5244660824542349,1.0
7082322,114,130,124,206,20,0.0,0,1.1227998,0.8984199886208858,0.4071807613595426,-0.5501644611357612,1.0
7082323,115,130,124,207,20,0.0,0,1.3194973,0.5637327419305972,0.4841744926408059,-0.3904276043174427,1.0
7082324,116,130,124,208,20,0.0,0,1.2258564,0.15910957704333584,0.5730918070869486,0.02892565508632231,1.0
7082325,117,130,124,209,20,0.0,0,0.8797762,0.17405629253342814,0.6014751028285611,0.29433466496731714,1.0
7082539,107,131,124,210,20,0.0,1,0.47156143,0.2627262745429965,0.026117140896113562,0.1563911487936478,1.0
7082540,108,131,124,211,20,0.0,1,0.49470952,0.3049698261853742,0.017939533453212784,0.1425390310169429,1.0
7082541,109,131,124,212,20,0.0,3,0.573566,0.16347139811749933,0.3073756464706134,0.2907966729521326,1.0
7082542,110,131,124,213,20,0.0,0,1.0819771,0.3427466019271113,0.46120383942775844,-0.08169337754160008,1.0
7082543,111,131,124,214,20,0.0,1,0.8293663,0.3937361190515354,0.29503046754953577,-0.1426945515384196,1.0
7082544,112,131,124,215,20,0.0,0,1.0576311,0.4062235464605032,0.5154122190144145,-0.3774558981363772,1.0
7082545,113,131,124,216,20,0.0,0,1.1835469,0.5807989841600981,0.11844202759200265,-0.3409794643550186,1.0
7082546,114,131,124,217,20,0.0,0,1.1496363,0.6700338969913077,0.4219138423036984,-0.465363323681979,1.0
7082547,115,131,124,218,20,0.0,1,1.101711,0.2922797370760492,0.6215287188875611,-0.2219876515027164,1.0
7082548,116,131,124,219,20,0.0,0,1.0905734,0.23593468441917687,0.606649632764745,0.006629088660622651,1.0
7082549,117,131,124,220,20,0.0,1,0.7710076,0.20933172676872377,0.30215105334372505,0.4712858899169154,1.0
7082763,107,132,124,221,20,0.0,0,0.568092,0.32058732676266677,0.07371399367422148,0.2155301645412958,1.0
7082764,108,132,124,222,20,0.0,3,0.50840336,0.28097084370334574,0.013979311939426742,0.3289158338727032,1.0
7082765,109,132,124,223,20,0.0,1,0.7001856,0.5689282517431832,0.028319034480105202,0.2040981086012485,1.0
7082766,110,132,124,224,20,0.0,1,1.0873895,0.5385414660024068,0.052091971676393206,0.032799954663294315,1.0
7082767,111,132,124,225,20,0.0,1,0.92522055,0.7094701534084051,0.07153014329446922,-0.045854231424724785,1.0
7082768,112,132,124,226,20,0.0,0,1.2783345,0.7458181263235154,0.45447790002296035,-0.28885241597891786,1.0
7082769,113,132,124,227,20,0.0,0,1.1328253,0.5689129534086066,0.40512421639137813,-0.366175755605603,1.0
7082770,114,132,124,228,20,0.0,1,1.1534818,0.5264015127972034,0.5216222168156993,-0.3227862191883191,1.0
7082771,115,132,124,229,20,0.0,1,1.0690322,0.20027838569428563,0.7684997028553431,-0.12697452547358679,1.0
7082772,116,132,124,230,20,0.0,2,0.9261724,-0.09052861259371639,0.7988645281077509,0.24868169464516893,1.0
7082773,117,132,124,231,20,0.0,2,0.75630105,0.41035681091383125,0.16850060705388065,0.43433333790675427,1.0
7082987,107,133,124,232,20,0.0,0,0.74559146,0.2679861563276334,0.24349816086864642,0.2987280935049082,1.0
7082988,108,133,124,233,20,0.0,0,1.0097069,0.3082085259793782,0.2480239256112008,0.22948834300025597,1.0
7082989,109,133,124,234,20,0.0,0,1.0174823,0.3899686021803434,0.3983508681178007,0.10615453583528753,1.0
7082990,110,133,124,235,20,0.0,0,1.1398857,0.4767405329579154,0.28607339887983246,-0.04934085533191463,1.0
7082991,111,133,124,236,20,0.0,0,1.1850293,0.6039592086752202,0.2717539847308294,-0.16523756397900266,1.0
7082992,112,133,124,237,20,0.0,0,1.3236735,0.5727940715441832,0.4299607441275737,-0.29336635400435157,1.0
7082993,113,133,124,238,20,0.0,0,1.1305026,0.518356209761946,0.2798813019852509,-0.26244066657924553,1.0
7082994,114,133,124,239,20,0.0,0,1.1417568,0.516143801928046,0.44853093603108474,-0.26651589573087375,1.0
7082995,115,133,124,240,20,0.0,1,1.1789752,0.16817395511107167,0.6552663138062041,-0.0297743223549228,1.0
7082996,116,133,124,241,20,0.0,3,0.82165134,0.2588734274460843,0.19338804958825404,0.370317196302663,1.0
7082997,117,133,124,242,20,0.0,2,0.7390318,0.3730078260721501,0.1458327653423807,0.4712077674171655,1.0
7138091,107,123,125,243,20,0.0,0,0.8092655,0.5775912954694804,0.23650647117877993,0.5246574133626589,1.0
7138092,108,123,125,244,20,0.0,0,0.78754795,0.55923202466472,0.15558967329061069,0.4721705615520298,1.0
7138093,109,123,125,245,20,0.0,0,0.84982866,0.5781046612682273,0.3872467550547798,0.20860644871608738,1.0
7138094,110,123,125,246,20,0.0,1,0.8954005,0.6608091431021964,0.4747048089824071,0.12144374610507135,1.0
7138095,111,123,125,247,20,0.0,1,1.1104703,0.9450500778460644,0.46336254461471194,-0.09320679034618047,1.0
7138096,112,123,125,248,20,0.0,0,1.5833019,1.701554518161712,0.4727351442528517,-0.4097699150441978,1.0
7138097,113,123,125,249,20,0.0,0,1.4565226,2.1464958652277875,0.15230169606391264,-0.44318579137353287,1.0
7138098,114,123,125,250,20,0.0,0,2.1289523,2.1313945509895653,0.25770035108021744,-0.5068809834989222,1.0
7138099,115,123,125,251,20,0.0,0,2.0345426,2.158132773435607,0.2169056300691195,-0.46741460264745915,1.0
7138100,116,123,125,252,20,0.0,0,1.5141164,2.198056401247902,0.1386406393234443,-0.3671846091711087,1.0
7138101,117,123,125,253,20,0.0,2,1.0996766,0.9550500581246193,0.42818109827848916,0.17417937094898997,1.0
7138315,107,124,125,254,20,0.0,2,0.6227622,0.4860382778977396,0.060824317300740414,0.47239307900553,1.0
7138316,108,124,125,255,20,0.0,0,0.8761253,0.4403544507616741,0.2412690834157553,0.41661088178705197,1.0
7138317,109,124,125,256,20,0.0,3,0.6820257,0.2670003793462515,0.11875397618332839,0.2766454176114935,1.0
7138318,110,124,125,257,20,0.0,3,0.7834713,0.45665755232008176,0.06250849157322481,0.213467257050865,1.0
7138319,111,124,125,258,20,0.0,0,1.2446703,1.24239480074947,0.2048267819974352,-0.15520796297643205,1.0
7138320,112,124,125,259,20,0.0,0,1.389697,1.5920417865404533,0.2594724404497724,-0.38833145744092096,1.0
7138321,113,124,125,260,20,0.0,0,1.6789254,1.656096892551816,0.17581310478995668,-0.4335618913195191,1.0
7138322,114,124,125,261,20,0.0,0,2.0931838,1.7564545840847199,0.22756100279868563,-0.43134367465574325,1.0
7138323,115,124,125,262,20,0.0,0,1.6383566,1.7357435661760674,0.1104970300617743,-0.4465670883459608,1.0
7138324,116,124,125,263,20,0.0,0,1.1795863,1.831215076957969,0.13884015585060963,-0.34178155330221943,1.0
7138539,107,125,125,265,20,0.0,0,0.74582106,0.5291778148836003,0.11898982493236747,0.5391371250184669,1.0
7138540,108,125,125,266,20,0.0,2,0.65941495,0.3325842201771163,0.05426468521111628,0.29626078735828004,1.0
7138542,110,125,125,268,20,0.0,2,0.8381859,0.4311336360919099,0.17785076647148243,0.26903699710934514,1.0
7138544,112,125,125,270,20,0.0,0,1.3239526,1.1040728566943518,0.18798040793379597,-0.321786880564601,1.0
7138545,113,125,125,271,20,0.0,0,1.4825853,1.0727191308921582,0.10938467960032128,-0.3483365766236958,1.0
7138546,114,125,125,272,20,0.0,0,1.4377528,1.1614166808879676,0.1087251280934917,-0.33518031238589263,1.0
7138547,115,125,125,273,20,0.0,0,1.1572427,1.0493303639926082,0.2672141585349071,-0.33083660974322443,1.0
7138548,116,125,125,274,20,0.0,0,1.1524563,1.1653679607108314,0.2556274537358302,-0.19416596740661501,1.0
7138549,117,125,125,275,20,0.0,2,0.85510635,0.4114904158546894,0.5818214609030631,0.27188533175723906,1.0
7138763,107,126,125,276,20,0.0,1,0.6325875,0.29065917230968524,0.11541541945117864,0.4558232607829346,1.0
7138764,108,126,125,277,20,0.0,0,0.67026323,0.3654214881361819,0.12138718513083015,0.3904458135026976,1.0
7138765,109,126,125,278,20,0.0,2,0.59423155,0.253850940563071,0.1542122586136191,0.4189211506518814,1.0
7138766,110,126,125,279,20,0.0,2,0.73811,0.44380405387795424,0.08550292563542153,0.29626215248099796,1.0
7138767,111,126,125,280,20,0.0,0,0.94350845,0.8063980428727321,0.10034839555013153,-0.12800343271389664,1.0
7138768,112,126,125,281,20,0.0,0,1.1179787,0.6674220379276562,0.18221438600529247,-0.29965691272488565,1.0
7138769,113,126,125,282,20,0.0,0,0.9910778,0.6409035966945323,0.05915545500050381,-0.24987058341419857,1.0
7138770,114,126,125,283,20,0.0,0,0.9187147,0.6043359734971545,0.20403702092971723,-0.25820216536522517,1.0
7138771,115,126,125,284,20,0.0,0,0.7844377,0.6200526911996248,0.17094416056173897,-0.2034560668837035,1.0
7138772,116,126,125,285,20,0.0,0,0.9926234,0.6062555311285781,0.40628689563802395,-0.028242103755722267,1.0
7138987,107,127,125,287,20,0.0,3,0.4262821,0.14139158050753578,0.02652065833663506,0.4805011055973271,1.0
7138988,108,127,125,288,20,0.0,3,0.39328423,0.12428925541735754,0.03877148513282955,0.3749140515093723,1.0
7138990,110,127,125,290,20,0.0,2,0.70709157,0.29623066415327937,0.1327124579875736,0.18390504587878995,1.0
7138991,111,127,125,291,20,0.0,0,0.89313596,0.5735027232331515,0.14387118050256276,-0.20639509707681394,1.0
7138992,112,127,125,292,20,0.0,0,1.0318091,0.4867988155428812,0.23220469034837163,-0.37091870605938754,1.0
7138993,113,127,125,293,20,0.0,0,1.052008,0.4492643375771522,0.12254934570247197,-0.32840271307234886,1.0
7138994,114,127,125,294,20,0.0,0,1.101141,0.5472438233960152,0.16083060765273907,-0.23704977329518298,1.0
7138995,115,127,125,295,20,0.0,0,0.86896604,0.44414931325221363,0.16868444207917993,-0.1741272062008412,1.0
7138996,116,127,125,296,20,0.0,0,0.9144092,0.31390482104066725,0.4235980527248385,0.06665798090851538,1.0
7138997,117,127,125,297,20,0.0,2,0.6994679,0.3582609578394403,0.38196939217466896,0.350844178556564,1.0
7139212,108,128,125,299,20,0.0,2,0.43553022,0.064757241523141,0.10049231978068815,0.44055123627196724,1.0
7139213,109,128,125,300,20,0.0,0,0.725355,0.5484137098532427,0.07960793166531542,0.24935560673494891,1.0
7139214,110,128,125,301,20,0.0,0,0.7512139,0.46144931076205925,0.13149762037888021,-0.052209403365330614,1.0
7139215,111,128,125,302,20,0.0,1,0.62349194,0.2769078175472026,0.2208872900219161,-0.3563524741506471,1.0
7139216,112,128,125,303,20,0.0,0,1.0775498,0.4607296301145199,0.5621481213317711,-0.43389915670484286,1.0
7139217,113,128,125,304,20,0.0,0,1.0976964,0.4359413696777482,0.4928219291661925,-0.4757526963976505,1.0
7139218,114,128,125,305,20,0.0,0,0.972931,0.6819945192258995,0.15358855006406202,-0.39201757318027847,1.0
7139219,115,128,125,306,20,0.0,0,0.98371977,0.4128895187499447,0.2215784769994104,-0.19147610664342482,1.0
7139220,116,128,125,307,20,0.0,0,0.71143913,0.18852361732639866,0.38688876341863176,0.0822247161369211,1.0
7139221,117,128,125,308,20,0.0,1,0.62374425,0.3392685620051911,0.3456944088207138,0.3272866385274037,1.0
7139435,107,129,125,309,20,0.0,0,0.5693868,0.10225519792230875,0.30638165263101214,0.4313742666564696,1.0
7139436,108,129,125,310,20,0.0,0,0.52583575,0.23635701459802874,0.09529339527648206,0.29457437992058616,1.0
7139437,109,129,125,311,20,0.0,0,0.67667335,0.3690553150267871,0.1192341607599902,0.12863819483128439,1.0
7139438,110,129,125,312,20,0.0,0,0.8415867,0.3755784603573391,0.1258514875926243,-0.0369348488756055,1.0
7139439,111,129,125,313,20,0.0,2,0.6133463,0.28984975611962044,0.2339809786221939,-0.3997434294330573,1.0
7139440,112,129,125,314,20,0.0,0,1.3521403,0.33636790916683,0.7139165916881236,-0.4464633390353342,1.0
7139441,113,129,125,315,20,0.0,1,0.9459322,0.7289103441982105,0.025089344455260558,-0.32602608119393534,1.0
7139442,114,129,125,316,20,0.0,0,1.1312335,0.895016713606254,0.27752918238465146,-0.5182563663271095,1.0
7139443,115,129,125,317,20,0.0,0,1.0022522,0.5048020807491816,0.21817045857069553,-0.20036310702292354,1.0
7139444,116,129,125,318,20,0.0,0,0.65369076,0.13065685504956448,0.4310983533860605,0.13387394416725426,1.0
7139445,117,129,125,319,20,0.0,2,0.56390375,-0.053911604297753844,0.47332371460961,0.16900712624786934,1.0
7139659,107,130,125,320,20,0.0,0,0.6463622,0.23678469964485224,0.15902542459336336,0.3459195643717276,1.0
7139660,108,130,125,321,20,0.0,0,0.6821657,0.26027077303437757,0.16721964100509548,0.30135833477085405,1.0
7139661,109,130,125,322,20,0.0,0,0.69632703,0.39914041236803344,0.06910606769696952,0.167297758162993,1.0
7139662,110,130,125,323,20,0.0,0,0.95346314,0.22753887057060077,0.29931796730053717,-0.08313175290824448,1.0
7139663,111,130,125,324,20,0.0,0,0.9087799,0.09836426688265804,0.7440061954058418,-0.2791939796867499,1.0
7139664,112,130,125,325,20,0.0,0,1.0844496,0.16584577962090685,0.9261931221479727,-0.45301061120397224,1.0
7139665,113,130,125,326,20,0.0,0,1.1877475,0.5006160958120108,0.4501284214472747,-0.43232296408300314,1.0
7139666,114,130,125,327,20,0.0,0,1.1525655,0.7334080048197449,0.3681083305277755,-0.4402368963320216,1.0
7139667,115,130,125,328,20,0.0,0,1.2230214,0.48864618053381986,0.3273458756905574,-0.24078497290732456,1.0
7139668,116,130,125,329,20,0.0,0,0.8492438,0.15336119268181742,0.44531297914098933,0.1380513310444968,1.0
7139669,117,130,125,330,20,0.0,1,0.5823947,0.09636867279886223,0.4224411197104324,0.4959069991211296,1.0
7139883,107,131,125,331,20,0.0,0,0.62937176,0.3568958327454796,0.049637916648008346,0.22605696319493265,1.0
7139884,108,131,125,332,20,0.0,0,0.7650465,0.324973762105017,0.20420579598817132,0.30212923884785986,1.0
7139886,110,131,125,334,20,0.0,0,0.9799036,0.17300111382861527,0.44937909484734645,-0.11530783027605214,1.0
7139887,111,131,125,335,20,0.0,0,1.1317674,0.2597545376741659,0.6951960287550413,-0.21757408109218432,1.0
7139888,112,131,125,336,20,0.0,1,1.1200483,0.46356022795226814,0.2253123965746907,-0.21739509997790224,1.0
7139889,113,131,125,337,20,0.0,0,1.2094363,0.5037472865685857,0.36601540014977224,-0.4037179201837564,1.0
7139890,114,131,125,338,20,0.0,0,1.2579176,0.633682807129268,0.377975274451072,-0.4182759397978938,1.0
7139891,115,131,125,339,20,0.0,1,1.1359284,0.42733797251715705,0.481627459774637,-0.17750281016457267,1.0
7139892,116,131,125,340,20,0.0,1,0.7114452,0.383821521635321,0.19038506070713035,0.22593826118734273,1.0
7140107,107,132,125,342,20,0.0,0,0.6552723,0.19363440096634496,0.33607387005822686,0.2721133902666291,1.0
7140108,108,132,125,343,20,0.0,0,0.7236512,0.3042733772727616,0.21014250236112647,0.2693766877054024,1.0
7140110,110,132,125,345,20,0.0,1,0.96887326,0.4301975311222055,0.09730663087439802,0.09171806089746323,1.0
7140111,111,132,125,346,20,0.0,0,1.1805152,0.3944755286809106,0.6260224107514005,-0.19523682685148416,1.0
7140112,112,132,125,347,20,0.0,0,1.2221782,0.519287831151857,0.4940426226605776,-0.30256376262163565,1.0
7140113,113,132,125,348,20,0.0,0,1.2903017,0.5770200027923063,0.39300793633985176,-0.3368809219536963,1.0
7140114,114,132,125,349,20,0.0,0,1.3203292,0.6352668955955041,0.45801533166777264,-0.37803545591110604,1.0
7140115,115,132,125,350,20,0.0,2,1.0158489,0.11609506751249778,0.5295756770445645,0.012316017891784874,1.0
7140116,116,132,125,351,20,0.0,3,0.63881457,0.23381307896837678,0.2288776026651488,0.34975022469864386,1.0
7140331,107,133,125,353,20,0.0,1,0.59757733,0.4015514616198098,0.034305602539102885,0.1756636210694875,1.0
7140332,108,133,125,354,20,0.0,0,0.7419026,0.30030394975087665,0.11726719379114126,0.20235304556515016,1.0
7140333,109,133,125,355,20,0.0,1,0.6651256,0.4309747337062177,0.0672741005776257,0.255406018059696,1.0
7140334,110,133,125,356,20,0.0,0,0.82740116,0.4152328270001526,0.1899179722080278,0.04122019186486493,1.0
7140335,111,133,125,357,20,0.0,0,1.0173092,0.4133879606065003,0.23035735107747404,-0.10113647207654897,1.0
7140336,112,133,125,358,20,0.0,0,1.1174912,0.6322018236384244,0.1915436625304143,-0.1894206460644466,1.0
7140337,113,133,125,359,20,0.0,0,1.2848266,0.5539303812671396,0.10531398290805379,-0.20357187837382162,1.0
7140338,114,133,125,360,20,0.0,0,1.2952657,0.5975804080396921,0.4413432677328422,-0.26663933696420195,1.0
7140339,115,133,125,361,20,0.0,1,1.0703973,0.0696448810132628,0.6101888213281279,0.02649481823977745,1.0
7140340,116,133,125,362,20,0.0,3,0.6910308,0.23385516552567473,0.22099061854668248,0.38876339176689034,1.0
7195435,107,123,126,364,20,0.0,0,0.7702001,0.3692154654994026,0.3106422285072863,0.5513732136742302,1.0
7195436,108,123,126,365,20,0.0,3,0.5404823,0.15156363999197664,0.043512186137513356,0.5180996095563658,1.0
7195437,109,123,126,366,20,0.0,2,0.7713635,0.23918635727319051,0.2948280805084413,0.4278611764308885,1.0
7195439,111,123,126,368,20,0.0,0,1.028813,0.7355804887556492,0.5390511160476745,-0.17563956994038143,1.0
7195440,112,123,126,369,20,0.0,0,1.3441834,1.094464782336419,0.49401789216436837,-0.3622832149261214,1.0
7195441,113,123,126,370,20,0.0,0,1.9847039,1.1672465469374453,0.361151225169652,-0.36281882226133666,1.0
7195442,114,123,126,371,20,0.0,0,1.7190001,1.3274369628371139,0.3505254182414489,-0.34101930228412614,1.0
7195443,115,123,126,372,20,0.0,0,1.8324633,1.4324359180061785,0.13700320689741574,-0.3130903243988434,1.0
7195444,116,123,126,373,20,0.0,0,1.0729501,1.4471608301348435,0.20831020666129058,-0.2624653428792464,1.0
7195445,117,123,126,374,20,0.0,2,1.1743193,0.6294615330455267,0.47910796360912,0.2180912271137666,1.0
7195659,107,124,126,375,20,0.0,3,0.58483577,0.2505267399722853,0.07415039465536868,0.6323169398160714,1.0
7195660,108,124,126,376,20,0.0,3,0.62121975,0.1712452947023751,0.030167673554757836,0.41248870879177224,1.0
7195661,109,124,126,377,20,0.0,1,0.7988772,0.34160892424805733,0.3994469268717728,0.17004242564373784,1.0
7195662,110,124,126,378,20,0.0,2,0.9069085,0.6386982450971699,0.08144102488956864,0.3225646018983818,1.0
7195663,111,124,126,379,20,0.0,0,1.0136899,0.8277568421267301,0.2718012528267646,-0.1765406699842184,1.0
7195664,112,124,126,380,20,0.0,0,1.1439328,0.8996220644243637,0.3964231068222862,-0.3534895794546894,1.0
7195665,113,124,126,381,20,0.0,0,1.1832125,1.0628671896676771,0.10372228306156375,-0.2916227728052513,1.0
7195666,114,124,126,382,20,0.0,0,1.2976726,0.898761132899377,0.29223285244465225,-0.35566553461038275,1.0
7195667,115,124,126,383,20,0.0,0,1.0233828,0.9329308292472184,0.2220904785105121,-0.28332345186984786,1.0
7195668,116,124,126,384,20,0.0,0,1.2058655,0.98041750420221,0.2762989713829106,-0.14964561910070204,1.0
7195669,117,124,126,385,20,0.0,1,0.9785046,0.8505247124634782,0.4831624797086405,-0.012839969928610443,1.0
7195883,107,125,126,386,20,0.0,0,0.63643986,0.5022054367081416,0.06769346141490241,0.5287842452526164,1.0
7195884,108,125,126,387,20,0.0,2,0.59549177,0.17777048645993093,0.09268892857862893,0.5150672346345465,1.0
7195886,110,125,126,389,20,0.0,0,0.874611,0.8653754878391499,0.06472164624423238,0.02256975322854745,1.0
7195887,111,125,126,390,20,0.0,0,1.0963234,0.8668101906996291,0.06115212436074542,-0.09907553624431528,1.0
7195888,112,125,126,391,20,0.0,0,1.3637365,1.0088590778413657,0.04350442735730347,-0.19286691397876743,1.0
7195889,113,125,126,392,20,0.0,0,1.2827369,0.7146195848165084,0.062457307496894904,-0.21958334003918592,1.0
7195890,114,125,126,393,20,0.0,0,1.2137128,0.6772253403975544,0.09809868734790894,-0.2421235218643865,1.0
7195891,115,125,126,394,20,0.0,0,0.9041884,0.6193792636122485,0.1626555094916263,-0.15463167431438213,1.0
7195892,116,125,126,395,20,0.0,0,1.1183624,0.6697685133947179,0.19454583654332563,-0.09440245917853313,1.0
7195893,117,125,126,396,20,0.0,3,0.72962135,0.41690785204829045,0.2502363269890011,0.36310371896913085,1.0
7196108,108,126,126,398,20,0.0,3,0.5388414,0.10295456470946492,0.08333191047159037,0.5307312731143268,1.0
7196110,110,126,126,400,20,0.0,1,0.7368996,0.42482847194426976,0.20420431116775725,0.01042997489333576,1.0
7196111,111,126,126,401,20,0.0,0,0.99589664,0.6101339478219312,0.08915605756170697,-0.11861083191604253,1.0
7196112,112,126,126,402,20,0.0,0,0.9077302,0.5366679553897925,0.1096139456327973,-0.1969353634490727,1.0
7196113,113,126,126,403,20,0.0,0,0.8680292,0.4239030030532935,0.11032363828998244,-0.14175070077063653,1.0
7196114,114,126,126,404,20,0.0,0,1.0029734,0.4545762882968773,0.1494380146912608,-0.1584106310983475,1.0
7196115,115,126,126,405,20,0.0,0,0.9793297,0.42634500427185745,0.09237838015050642,-0.05047429993565518,1.0
7196116,116,126,126,406,20,0.0,0,0.8084942,0.33631970181205534,0.2862952014948272,0.08198782009686933,1.0
7196117,117,126,126,407,20,0.0,2,0.6920071,0.4149756634320773,0.2202205494163595,0.2900151874249694,1.0
7196332,108,127,126,409,20,0.0,2,0.36252445,0.02759187321573535,0.11509564093964947,0.5264191626964305,1.0
7196334,110,127,126,411,20,0.0,0,0.70672596,0.4116522858101194,0.14727827120644257,-0.04530682228605472,1.0
7196335,111,127,126,412,20,0.0,0,0.99115664,0.4369018151365996,0.14376454075194475,-0.21549984067711137,1.0
7196336,112,127,126,413,20,0.0,0,0.7586755,0.3636566421412842,0.19312055020080948,-0.30315676335661573,1.0
7196337,113,127,126,414,20,0.0,0,0.77050525,0.3552460996555937,0.09871048664396356,-0.2501273155230349,1.0
7196338,114,127,126,415,20,0.0,0,0.81683713,0.5005669267512297,0.06162863046026325,-0.12176397442059178,1.0
7196339,115,127,126,416,20,0.0,0,0.86398995,0.403527603553705,0.14592224159430564,-0.009925087913750767,1.0
7196340,116,127,126,417,20,0.0,1,0.6003672,0.13349076872746993,0.3227994271995269,0.26898371278202,1.0
7196555,107,128,126,419,20,0.0,3,0.3576654,0.02051269951078404,0.0575456609728538,0.5480558383546831,1.0
7196556,108,128,126,420,20,0.0,0,0.5032515,0.149821071671849,0.1101404898756807,0.2838527113385221,1.0
7196558,110,128,126,422,20,0.0,0,0.73560196,0.3923005285101476,0.08602794012670618,0.011072534182202763,1.0
7196559,111,128,126,423,20,0.0,0,0.93500936,0.3375226737340944,0.1785792795255643,-0.20452762767728747,1.0
7196560,112,128,126,424,20,0.0,0,0.90607387,0.25103363218244173,0.39394599584630235,-0.3885813799618591,1.0
7196561,113,128,126,425,20,0.0,0,0.9597351,0.3938433308577054,0.12016564548162212,-0.31216871728411183,1.0
7196562,114,128,126,426,20,0.0,0,1.0751951,0.544296572442276,0.040953586828854166,-0.228912942110472,1.0
7196563,115,128,126,427,20,0.0,0,0.9059534,0.31314106979282236,0.2182042906821369,0.010451655816919625,1.0
7196564,116,128,126,428,20,0.0,0,0.62664175,0.06656897492733468,0.4397885789176295,0.22565070538317855,1.0
7196565,117,128,126,429,20,0.0,2,0.5685597,0.16780003980560518,0.24801485977323023,0.4411200408669937,1.0
7196779,107,129,126,430,20,0.0,1,0.41844884,0.23492448872394184,0.02373791969925144,0.4695051803927694,1.0
7196781,109,129,126,432,20,0.0,0,0.57810265,0.3266389436254042,0.046711177984475424,0.140175566187099,1.0
7196782,110,129,126,433,20,0.0,0,0.86444616,0.26307760367990557,0.12471204622057055,-0.04802798108430807,1.0
7196783,111,129,126,434,20,0.0,0,1.0607432,0.19908703417251286,0.3158156514194905,-0.21254749224140163,1.0
7196784,112,129,126,435,20,0.0,0,1.0816658,0.2941522597664396,0.4486728013754142,-0.3616065606469376,1.0
7196785,113,129,126,436,20,0.0,0,1.1704825,0.4196375964521249,0.29931424856524014,-0.3806167841914621,1.0
7196786,114,129,126,437,20,0.0,0,1.259654,0.6403344968804228,0.05359379468235858,-0.287644282130592,1.0
7196787,115,129,126,438,20,0.0,0,1.0142428,0.31443295321662124,0.19824721521072972,-0.027579929680225705,1.0
7196788,116,129,126,439,20,0.0,0,0.8220243,0.19852379963856615,0.3214766481266238,0.1896993779080629,1.0
7196789,117,129,126,440,20,0.0,3,0.47121426,0.21731163884550106,0.08880104417154225,0.5573955502822255,1.0
7197003,107,130,126,441,20,0.0,0,0.53342813,0.035149973860821034,0.34826664804114554,0.30482397973552566,1.0
7197004,108,130,126,442,20,0.0,0,0.5537166,0.24046227231457784,0.043088795856518855,0.19334902611694876,1.0
7197005,109,130,126,443,20,0.0,0,0.63923377,0.3339373464316103,0.05818368536099812,0.14475354481972771,1.0
7197006,110,130,126,444,20,0.0,0,0.70214176,0.2695503327993161,0.1751389323851923,-0.029891010444194593,1.0
7197007,111,130,126,445,20,0.0,0,0.9883479,0.05406887054880279,0.6112285858296294,-0.27493381802945016,1.0
7197008,112,130,126,446,20,0.0,0,1.250158,0.29954778683307115,0.47666148276793185,-0.3330064713502384,1.0
7197009,113,130,126,447,20,0.0,0,1.273356,0.43472857992231395,0.3407643989664297,-0.38654899597182507,1.0
7197010,114,130,126,448,20,0.0,0,1.3927889,0.5658399190840138,0.162256444170458,-0.34789164360180425,1.0
7197011,115,130,126,449,20,0.0,0,0.97289497,0.36396680076120475,0.18298891070245304,-0.1036312729259183,1.0
7197012,116,130,126,450,20,0.0,0,0.74572915,0.17475740844792176,0.36025286504638565,0.1689130007922962,1.0
7197227,107,131,126,452,20,0.0,0,0.553706,0.26360777148331294,0.09505752956742222,0.19858166573991823,1.0
7197228,108,131,126,453,20,0.0,0,0.627382,0.29186909783804765,0.04135587535266437,0.17058759927752334,1.0
7197229,109,131,126,454,20,0.0,1,0.5488427,0.3203701941524176,0.0753955407800803,0.21456575613105303,1.0
7197230,110,131,126,455,20,0.0,0,0.84022474,0.2245916035438736,0.2974349296696014,-0.07923905924551931,1.0
7197231,111,131,126,456,20,0.0,1,1.035125,0.16390673609168802,0.4736481689096975,-0.17873104343529986,1.0
7197232,112,131,126,457,20,0.0,0,1.20683,0.3422931260055539,0.6373105693786815,-0.34685430687672725,1.0
7197233,113,131,126,458,20,0.0,0,1.1677214,0.47954235045493365,0.3357501202762759,-0.36858252487230575,1.0
7197234,114,131,126,459,20,0.0,0,1.2981555,0.5309386960440674,0.3251932039850482,-0.4027594925551746,1.0
7197235,115,131,126,460,20,0.0,0,0.99908686,0.410076727902439,0.4559752980352015,-0.2521061820887959,1.0
7197236,116,131,126,461,20,0.0,0,0.84224004,0.1040815776132641,0.5048861444197623,0.11656723968279137,1.0
7197451,107,132,126,463,20,0.0,3,0.43972638,0.14086770008563637,0.028200037181770235,0.4394458464503474,1.0
7197452,108,132,126,464,20,0.0,1,0.5613075,0.2773165726169231,0.042183779206246656,0.20954758194033066,1.0
7197454,110,132,126,466,20,0.0,0,0.564818,0.2956970141035781,0.20057300614763104,0.00794228724805913,1.0
7197455,111,132,126,467,20,0.0,0,1.1093414,0.16933457474501692,0.6853000720109723,-0.2234031102511689,1.0
7197456,112,132,126,468,20,0.0,0,1.1666352,0.3711385921434365,0.6428260116258131,-0.308894168594579,1.0
7197457,113,132,126,469,20,0.0,0,1.165262,0.49893151069708497,0.41881811926140217,-0.3746685832685608,1.0
7197458,114,132,126,470,20,0.0,0,1.4607695,0.5458471489120696,0.43206578251418026,-0.42070041596874563,1.0
7197459,115,132,126,471,20,0.0,0,1.0500512,0.3753539455107562,0.5698610285741401,-0.2381850265008247,1.0
7197460,116,132,126,472,20,0.0,1,0.79617655,0.4205772203624497,0.18113392105292705,0.22009428520219992,1.0
7197461,117,132,126,473,20,0.0,1,0.5135002,0.14104331387945615,0.271857791678053,0.44287651242018294,1.0
7197675,107,133,126,474,20,0.0,2,0.5097921,0.1389793012416903,0.08521535170555262,0.37411095201958666,1.0
7197676,108,133,126,475,20,0.0,0,0.6309469,0.3053987304988642,0.026526275995667335,0.21435963356886945,1.0
7197678,110,133,126,477,20,0.0,1,0.61151314,0.31436888251385253,0.1491086079314033,0.06366702172736655,1.0
7197679,111,133,126,478,20,0.0,0,0.9752117,0.2581289299395817,0.38463202854381306,-0.09495567530944651,1.0
7197680,112,133,126,479,20,0.0,0,1.0636797,0.39023889742788964,0.30921387387390714,-0.24577978999282285,1.0
7197681,113,133,126,480,20,0.0,0,1.0974522,0.47712740274192866,0.050833225808722515,-0.26871363818619476,1.0
7197682,114,133,126,481,20,0.0,0,1.2652831,0.4666957942879418,0.32910252846720395,-0.27907381953378385,1.0
7197683,115,133,126,482,20,0.0,1,0.98834664,-0.028510767871959754,0.6496499316775238,-0.004966042780703755,1.0
7197684,116,133,126,483,20,0.0,0,0.9526791,0.11529399682697912,0.865419055276898,0.04247618085641304,1.0
7197685,117,133,126,484,20,0.0,1,0.772858,0.3219701184468335,0.1586813010856179,0.37274810561368593,1.0
7252780,108,123,127,486,20,0.0,2,0.6059767,0.16405277801214888,0.13173211907034293,0.6398122608652208,1.0
7252781,109,123,127,487,20,0.0,2,0.5805575,0.3311081244924004,0.18478895438309378,0.4233234524723102,1.0
7252782,110,123,127,488,20,0.0,2,0.8725277,0.4388030590747438,0.2104654218487938,0.2806268259905598,1.0
7252783,111,123,127,489,20,0.0,0,1.0864265,0.8693080724605132,0.1701131154346161,-0.07771853779876133,1.0
7252784,112,123,127,490,20,0.0,0,1.1962463,1.0852904122137335,0.1776134170926795,-0.2085680738104239,1.0
7252785,113,123,127,491,20,0.0,0,1.164152,0.6904667028256428,0.4012463968280868,-0.2628309801465996,1.0
7252786,114,123,127,492,20,0.0,0,1.1559006,0.8093186433624328,0.25903592202157044,-0.28872729837881594,1.0
7252787,115,123,127,493,20,0.0,0,1.3716639,0.8448619893182145,0.21160848998757426,-0.2304015010680791,1.0
7252788,116,123,127,494,20,0.0,0,1.1281047,0.9199333071934952,0.23004820296186526,-0.10472712115987767,1.0
7252789,117,123,127,495,20,0.0,2,0.9631895,0.526367092456465,0.4705127296743035,0.2554225475689515,1.0
7253004,108,124,127,497,20,0.0,2,0.6947163,0.22670701977841107,0.030685102741283454,0.5998033880999057,1.0
7253006,110,124,127,499,20,0.0,0,0.91191137,0.6394448649290196,0.2107636191523997,-0.018124386602359634,1.0
7253007,111,124,127,500,20,0.0,0,1.2214193,0.5844641506701376,0.2629786962165916,-0.16139276916103862,1.0
7253008,112,124,127,501,20,0.0,0,1.173507,0.713429790792996,0.2549835800637401,-0.278952460698124,1.0
7253009,113,124,127,502,20,0.0,1,0.8492995,0.684548065347973,0.11442088682627403,-0.1867528206917935,1.0
7253010,114,124,127,503,20,0.0,0,1.1093357,0.8200669111470693,0.05401510555363037,-0.15586173541417184,1.0
7253011,115,124,127,504,20,0.0,0,1.2883779,0.6467469566124826,0.14387766857222242,-0.16617884486842946,1.0
7253012,116,124,127,505,20,0.0,0,1.1827953,0.5815417116461176,0.2988365996782533,-0.027347624302350073,1.0
7253013,117,124,127,506,20,0.0,0,0.9021163,0.6719222872921693,0.4769560278792767,0.03653315819668661,1.0
7253228,108,125,127,508,20,0.0,3,0.36990649,0.09908451999465627,0.05628400862704841,0.5627731950374423,1.0
7253230,110,125,127,510,20,0.0,0,0.94680303,0.6092408884527186,0.06162604887284923,0.0206835624819201,1.0
7253231,111,125,127,511,20,0.0,0,1.0890831,0.47588551143794394,0.18533208768061646,-0.12305437586985546,1.0
7253232,112,125,127,512,20,0.0,1,0.8997235,0.3506939153774304,0.08113816843645368,-0.35691691636689055,1.0
7253233,113,125,127,513,20,0.0,0,0.73979956,0.47220314845317046,0.07558451980523678,-0.16251305863219873,1.0
7253234,114,125,127,514,20,0.0,0,0.862061,0.5395893688485681,0.10909603327470263,-0.13029047101488234,1.0
7253235,115,125,127,515,20,0.0,0,0.9378506,0.4509829733102196,0.16704496675119848,-0.004309985785912375,1.0
7253236,116,125,127,516,20,0.0,0,1.0626479,0.37925351420388353,0.25945930165626924,0.054021378975526384,1.0
7253452,108,126,127,519,20,0.0,2,0.44561857,0.08676169478964192,0.06173215728839577,0.5643419027329224,1.0
7253454,110,126,127,521,20,0.0,0,0.6313282,0.4497376919606213,0.05580429424598411,0.06763381696476486,1.0
7253455,111,126,127,522,20,0.0,0,0.94198775,0.47407789433145,0.09171965908721308,-0.09636669419705464,1.0
7253456,112,126,127,523,20,0.0,0,0.8766541,0.45789391613484925,0.1086380775895635,-0.16629216873829328,1.0
7253457,113,126,127,524,20,0.0,0,0.6494107,0.38493826776794515,0.05085988759859457,-0.12107113748779715,1.0
7253458,114,126,127,525,20,0.0,0,0.7599476,0.46734831199013993,0.11851865619352045,-0.09648578241749219,1.0
7253459,115,126,127,526,20,0.0,1,0.7293435,0.2900854039795521,0.20113831214438557,0.0802070441154641,1.0
7253460,116,126,127,527,20,0.0,2,0.49201104,0.18951413499091,0.1583806698754403,0.27787676612670265,1.0
7253461,117,126,127,528,20,0.0,3,0.56336564,0.27489859505158365,0.015614164883661484,0.42835176789801427,1.0
7253676,108,127,127,530,20,0.0,1,0.52887434,0.004688875194986817,0.2713155972667092,0.4891480767439084,1.0
7253677,109,127,127,531,20,0.0,1,0.4649111,0.2468580572391421,0.10992657078929784,0.30826351713141104,1.0
7253678,110,127,127,532,20,0.0,0,0.8063555,0.28542148310672133,0.07080821714237183,0.0018576584981114066,1.0
7253679,111,127,127,533,20,0.0,0,0.85142225,0.40644820703850715,0.11988030529733491,-0.13947669045512365,1.0
7253680,112,127,127,534,20,0.0,0,0.89100766,0.3800107926716444,0.1686825125196908,-0.259721353651307,1.0
7253681,113,127,127,535,20,0.0,0,0.72052485,0.41212271119811883,0.023208603968710696,-0.17927698045123555,1.0
7253682,114,127,127,536,20,0.0,0,0.8470763,0.5114399365428057,0.040980319806072536,-0.10115670785322055,1.0
7253683,115,127,127,537,20,0.0,3,0.51919574,0.1846885568065353,0.13327090209244682,0.22618045334473194,1.0
7253684,116,127,127,538,20,0.0,2,0.5954996,0.10884285006717818,0.2049947731879257,0.4104174762964308,1.0
7253685,117,127,127,539,20,0.0,2,0.6081194,0.1910787575404584,0.1944475348711837,0.3993013389781685,1.0
7253899,107,128,127,540,20,0.0,3,0.35802466,0.08095838698454226,0.017868398226913586,0.5314926647272834,1.0
7253901,109,128,127,542,20,0.0,0,0.6176722,0.23630026243605567,0.07138753161025085,0.25228063017293006,1.0
7253902,110,128,127,543,20,0.0,0,0.82381845,0.21998790958019,0.08731100838113202,4.680828537764579e-5,1.0
7253903,111,128,127,544,20,0.0,0,0.8512719,0.3920670891357097,0.09968885887624593,-0.15311318263417806,1.0
7253904,112,128,127,545,20,0.0,0,1.1094087,0.5123432010301197,0.10421457292342305,-0.24419166147266294,1.0
7253905,113,128,127,546,20,0.0,0,0.86307144,0.3823587219851526,0.03672844252293172,-0.23969057202364136,1.0
7253906,114,128,127,547,20,0.0,0,1.0007302,0.5204825860502704,0.019201736928670065,-0.19397640210172234,1.0
7253907,115,128,127,548,20,0.0,0,0.7238591,0.3791501820500364,0.10383579159333992,-0.007964519699631651,1.0
7253908,116,128,127,549,20,0.0,3,0.50980127,0.15396753293875978,0.03959143851642387,0.46065379004052,1.0
7253909,117,128,127,550,20,0.0,3,0.5467551,0.1792831403541841,0.008498076270205473,0.6191721713258385,1.0
7254124,108,129,127,552,20,0.0,0,0.49198404,0.1977401981870144,0.026467306391425187,0.26195186376562873,1.0
7254125,109,129,127,553,20,0.0,0,0.5301225,0.24101830992113707,0.06736557241296208,0.23943854866729375,1.0
7254126,110,129,127,554,20,0.0,1,0.4790776,0.19450231409789387,0.0912620118082955,0.07307936297691678,1.0
7254127,111,129,127,555,20,0.0,0,0.80967855,0.28256088874109536,0.19308414292514642,-0.1886541357920145,1.0
7254128,112,129,127,556,20,0.0,0,1.0877929,0.2751118307414266,0.3339562286740675,-0.35923077910930423,1.0
7254129,113,129,127,557,20,0.0,0,0.8295829,0.3563508874568216,0.14102096132495057,-0.3083457201716205,1.0
7254130,114,129,127,558,20,0.0,0,1.037313,0.48947032591315826,0.03325843711309391,-0.2095201834927012,1.0
7254131,115,129,127,559,20,0.0,0,0.877957,0.4125092001736976,0.15537469647877025,-0.03961582571182544,1.0
7254132,116,129,127,560,20,0.0,2,0.6031235,0.11783857929763962,0.15897398042723596,0.3469792669526451,1.0
7254133,117,129,127,561,20,0.0,0,0.67094743,0.11510062349660041,0.41205715124205367,0.3429662585257213,1.0
7254347,107,130,127,562,20,0.0,3,0.37033826,0.09649704419491757,0.029519698784380884,0.5722444282984849,1.0
7254348,108,130,127,563,20,0.0,0,0.5115125,0.23159131768251082,0.03652960086194607,0.2388306856175654,1.0
7254349,109,130,127,564,20,0.0,1,0.53361046,0.1967851080289615,0.07356652578807187,0.2723502361409837,1.0
7254350,110,130,127,565,20,0.0,2,0.42689756,0.0987756295266221,0.10545073336194928,0.12838632241173759,1.0
7254351,111,130,127,566,20,0.0,0,0.9765401,0.24286567430115058,0.2539220897274254,-0.1764971315860939,1.0
7254352,112,130,127,567,20,0.0,0,0.87871885,0.2718168196971764,0.36304044765327975,-0.3625106066464997,1.0
7254353,113,130,127,568,20,0.0,0,0.7666829,0.3261786245021742,0.324737565200505,-0.4248283878094843,1.0
7254354,114,130,127,569,20,0.0,0,0.9099568,0.44336153899332714,0.046426751112202055,-0.2736764549979129,1.0
7254355,115,130,127,570,20,0.0,0,0.66424525,0.31873737668318824,0.10005300451226062,-0.09011675791781998,1.0
7254356,116,130,127,571,20,0.0,0,0.7917316,0.27882338576531046,0.2177972294277804,0.1270042583344614,1.0
7254357,117,130,127,572,20,0.0,0,0.6928676,0.16584638559090403,0.35932072891212086,0.30989040434222825,1.0
7254571,107,131,127,573,20,0.0,3,0.42782736,0.08811253647088998,0.03203465812950808,0.6046720434960949,1.0
7254572,108,131,127,574,20,0.0,3,0.37417594,0.04785431872487913,0.04595015151125607,0.49223338010814577,1.0
7254573,109,131,127,575,20,0.0,3,0.46349913,0.11351473323810408,0.06031940024680697,0.38503792111344154,1.0
7254574,110,131,127,576,20,0.0,0,0.7963768,0.1905209835795527,0.14075139808249743,-0.01244156654620697,1.0
7254575,111,131,127,577,20,0.0,0,1.0673447,0.14817180120400822,0.38101971878023116,-0.23170896991176515,1.0
7254576,112,131,127,578,20,0.0,0,1.0791302,0.2890115242442674,0.5045172847443745,-0.3703313917390711,1.0
7254577,113,131,127,579,20,0.0,1,0.85250866,0.42537929305337346,0.0704803047078474,-0.2972911141759604,1.0
7254578,114,131,127,580,20,0.0,0,1.1502244,0.4956733226619473,0.1737141743767708,-0.39518736366736396,1.0
7254579,115,131,127,581,20,0.0,0,0.90863585,0.3666189291467599,0.0962884617718563,-0.14999014136618505,1.0
7254580,116,131,127,582,20,0.0,0,0.82739025,0.1378858242566558,0.3377916951074782,0.14880588673088868,1.0
7254581,117,131,127,583,20,0.0,0,0.7304446,0.1813139163024698,0.38850857463877114,0.27908558396282007,1.0
7254795,107,132,127,584,20,0.0,3,0.52299184,0.11433485631708513,0.03460983394555083,0.6379953916202173,1.0
7254796,108,132,127,585,20,0.0,2,0.42930335,0.019995877075576877,0.13713106601756525,0.4497748017311121,1.0
7254797,109,132,127,586,20,0.0,2,0.46464616,0.146745634268529,0.04767498932129398,0.34164416790007057,1.0
7254798,110,132,127,587,20,0.0,2,0.49283677,0.09901860450377303,0.14688024513912248,0.2239215971857174,1.0
7254799,111,132,127,588,20,0.0,0,1.0450875,0.09984246228746291,0.45778559228563903,-0.18549161031820072,1.0
7254800,112,132,127,589,20,0.0,0,1.2417808,0.2387201177971826,0.5583948517092089,-0.2937475368188228,1.0
7254801,113,132,127,590,20,0.0,0,0.99219584,0.35015861131549014,0.3999404419322751,-0.27781844871353306,1.0
7254802,114,132,127,591,20,0.0,0,1.2376672,0.5570871782355488,0.07815248729499122,-0.39633381366318077,1.0
7254803,115,132,127,592,20,0.0,0,1.0093522,0.49613629383392654,0.25531512294995656,-0.22332756221310018,1.0
7254804,116,132,127,593,20,0.0,0,0.96801233,0.21213685446768266,0.42021132062603117,0.10582866052259758,1.0
7254805,117,132,127,594,20,0.0,3,0.5092465,0.058221394332223106,0.38791639886404267,0.48750907090761747,1.0
7255019,107,133,127,595,20,0.0,3,0.4692599,0.09234912756745692,0.018665055644187235,0.5360442458752505,1.0
7255020,108,133,127,596,20,0.0,2,0.4636196,0.09038166624055145,0.054262036152559256,0.42564785480775563,1.0
7255022,110,133,127,598,20,0.0,1,0.46590227,0.1614908596190942,0.15453087466951168,0.10509201365639768,1.0
7255023,111,133,127,599,20,0.0,0,1.0543858,0.09699892995564753,0.4584082961511014,-0.10437695123248954,1.0
7255024,112,133,127,600,20,0.0,0,0.9821336,0.21150137599495178,0.4077942198289344,-0.2037782893459521,1.0
7255025,113,133,127,601,20,0.0,0,0.6860352,0.36737549777792633,0.05033860155020212,-0.281944319604669,1.0
7255026,114,133,127,602,20,0.0,0,0.9243014,0.5532332767732122,0.07934062983836283,-0.35474923253062274,1.0
7255027,115,133,127,603,20,0.0,1,0.82084596,0.2812275601045644,0.1990003082420691,-0.1250008397550623,1.0
7255028,116,133,127,604,20,0.0,1,0.8022547,0.2684929327810949,0.3911011215155228,0.08084056012745448,1.0
7310125,109,123,128,608,20,0.0,3,0.61491877,0.353561430404732,0.04870460337763155,0.4981940027316954,1.0
7310126,110,123,128,609,20,0.0,1,0.75501823,0.7082045571660679,0.052061768482149974,0.15370062591409525,1.0
7310127,111,123,128,610,20,0.0,0,0.99216795,0.360295119726163,0.38430949651021584,-0.07336337073414902,1.0
7310128,112,123,128,611,20,0.0,1,0.7654222,0.49263703397932507,0.0131172057127774,-0.3482467210132087,1.0
7310129,113,123,128,612,20,0.0,3,0.48121935,0.30468803333069705,0.054735623658199464,0.052694860416651286,1.0
7310130,114,123,128,613,20,0.0,1,0.7784169,0.48619669107624086,0.3470160990981839,-0.06464061008364018,1.0
7310131,115,123,128,614,20,0.0,0,1.2747974,0.6229829818601593,0.15979798991606708,-0.10982896388428037,1.0
7310132,116,123,128,615,20,0.0,0,1.2787516,0.46114816045698154,0.45588796783381696,0.09031157940832922,1.0
7310133,117,123,128,616,20,0.0,0,1.2496737,0.31339981350633334,0.8965289156951061,0.15929959714472786,1.0
7310350,110,124,128,620,20,0.0,0,0.67639154,0.558693654680687,0.04476760358855032,0.08173379302046677,1.0
7310351,111,124,128,621,20,0.0,1,0.9141812,0.3999581889031605,0.010211513252729721,-0.13836318448737023,1.0
7310352,112,124,128,622,20,0.0,0,0.9444938,0.6538067739606653,0.06845145297015572,-0.14716198667889796,1.0
7310353,113,124,128,623,20,0.0,3,0.51627684,0.30971138212838795,0.005624482930036177,-0.06609215876297476,1.0
7310354,114,124,128,624,20,0.0,0,0.7736498,0.5076831538900215,0.18414712762831098,-0.1470129415317718,1.0
7310355,115,124,128,625,20,0.0,0,1.0501598,0.5425852225661825,0.10133075983564205,-0.058821518670669384,1.0
7310356,116,124,128,626,20,0.0,0,1.1561036,0.4125959934146655,0.3228444035984447,0.05207719651199603,1.0
7310357,117,124,128,627,20,0.0,0,1.0226634,0.3577655149455033,0.5113325629727802,0.08824337087578489,1.0
7310572,108,125,128,629,20,0.0,3,0.39834526,0.0232945534292584,0.10887009044156769,0.6118170112099371,1.0
7310574,110,125,128,631,20,0.0,1,0.606627,0.43675331803890244,0.02532716316214931,0.13640619688251704,1.0
7310575,111,125,128,632,20,0.0,0,0.7918148,0.44291869142242185,0.09788321776335679,-0.06021014432230763,1.0
7310576,112,125,128,633,20,0.0,0,0.7965995,0.48376740673021573,0.1209681302821496,-0.09675660603355109,1.0
7310577,113,125,128,634,20,0.0,0,0.6405544,0.3847937658368837,0.040036231632055996,-0.12460268282810436,1.0
7310578,114,125,128,635,20,0.0,1,0.67072326,0.4817988353461133,0.021049372773081935,-0.07031871231865552,1.0
7310579,115,125,128,636,20,0.0,0,0.81470776,0.4185615091217435,0.09285144830443902,0.010403689053459021,1.0
7310580,116,125,128,637,20,0.0,0,0.9920402,0.41850461347342705,0.14225831064798136,0.06639647481286642,1.0
7310581,117,125,128,638,20,0.0,0,0.8379512,0.2825637988956306,0.4238103165746994,0.14120029099446424,1.0
7310796,108,126,128,640,20,0.0,3,0.41593143,0.133715854496129,0.03998325191119216,0.5160814915954163,1.0
7310797,109,126,128,641,20,0.0,0,0.79822606,0.3518972847321131,0.07024294065393986,0.29844219982279546,1.0
7310798,110,126,128,642,20,0.0,0,0.82464045,0.5148465843335437,0.05554923684905412,0.20829956978526779,1.0
7310799,111,126,128,643,20,0.0,0,0.99722606,0.4848736246059152,0.1749510408793949,-0.04008152731537278,1.0
7310800,112,126,128,644,20,0.0,0,1.0624871,0.44982484543188106,0.2368440217995912,-0.12836888618887354,1.0
7310801,113,126,128,645,20,0.0,0,0.8681898,0.4614670493010095,0.02770187103604038,-0.06879209726700264,1.0
7310802,114,126,128,646,20,0.0,0,0.83481663,0.5243320306948911,0.11723762880918086,-0.04496987677392564,1.0
7310803,115,126,128,647,20,0.0,0,0.7493266,0.47984862833333286,0.08594677330739942,0.02906936127545549,1.0
7310804,116,126,128,648,20,0.0,1,0.6718624,0.3367663411629045,0.12197387831155246,0.22113333624628254,1.0
7310805,117,126,128,649,20,0.0,1,0.7182469,0.24181036393574565,0.2895929155212049,0.31910769862884397,1.0
7311020,108,127,128,651,20,0.0,3,0.40036213,0.18223034828827245,0.016191452664749497,0.6048811088758791,1.0
7311021,109,127,128,652,20,0.0,0,0.65329415,0.18853206594278346,0.0575419359573989,0.2824742048964658,1.0
7311022,110,127,128,653,20,0.0,1,0.58547884,0.2653408633989456,0.04279447094707721,0.14866618174286725,1.0
7311023,111,127,128,654,20,0.0,0,0.8161967,0.6521786969683262,0.04312343959378442,-0.06663939356801846,1.0
7311024,112,127,128,655,20,0.0,0,1.0804346,0.60645304554653,0.07212725412933078,-0.19746831804509674,1.0
7311025,113,127,128,656,20,0.0,0,0.91813785,0.45765274281027013,0.04635762641603924,-0.16530518984200346,1.0
7311026,114,127,128,657,20,0.0,0,1.0289649,0.584075191610443,0.08457351923808203,-0.1152816973641833,1.0
7311027,115,127,128,658,20,0.0,0,0.8412863,0.5162190157329556,0.05059129873763705,-0.0207675830155944,1.0
7311028,116,127,128,659,20,0.0,2,0.5718943,0.2655427422488483,0.07774764997978856,0.32477517594704286,1.0
7311029,117,127,128,660,20,0.0,0,0.76131964,0.17007593233008783,0.4884013647369689,0.29394328681711995,1.0
7311245,109,128,128,663,20,0.0,0,0.6056358,0.15727490700917726,0.1324041382945764,0.2876032367336826,1.0
7311246,110,128,128,664,20,0.0,0,0.59402627,0.22053555948413,0.09401265142085513,0.022212838704047836,1.0
7311247,111,128,128,665,20,0.0,0,0.81796914,0.5435799554251889,0.0650461822197774,-0.11943514645162358,1.0
7311248,112,128,128,666,20,0.0,0,1.074717,0.48529738102610526,0.11964407733572284,-0.28697130084038924,1.0
7311249,113,128,128,667,20,0.0,0,0.7572181,0.41506306446942676,0.045391984436054134,-0.29574145376700406,1.0
7311250,114,128,128,668,20,0.0,0,1.0632433,0.4750437515122628,0.13326351302007208,-0.15644961968063686,1.0
7311251,115,128,128,669,20,0.0,0,0.91561496,0.37255566448065786,0.1986863487924473,-0.026487613096141168,1.0
7311252,116,128,128,670,20,0.0,0,0.768179,0.358195841620389,0.19593757330419415,0.09345228597447834,1.0
7311253,117,128,128,671,20,0.0,3,0.61739993,0.29919112114025925,0.024916984359864957,0.4920698579011689,1.0
7311467,107,129,128,672,20,0.0,3,0.35896793,0.12556300931667236,0.0039051216404569476,0.5677451811562167,1.0
7311468,108,129,128,673,20,0.0,3,0.33055657,0.05965073125783451,0.01965818899640452,0.5989075777900094,1.0
7311469,109,129,128,674,20,0.0,2,0.42067972,0.053354917586574846,0.057032654959122304,0.41280710697556156,1.0
7311470,110,129,128,675,20,0.0,0,0.5943552,0.19933530949219702,0.1584892518662139,0.10809542611754282,1.0
7311471,111,129,128,676,20,0.0,0,1.0518306,0.45142037008420766,0.09331219794976207,-0.14985069271255344,1.0
7311472,112,129,128,677,20,0.0,0,0.64902157,0.2732558587711717,0.41537090340793464,-0.48028615070509845,1.0
7311473,113,129,128,678,20,0.0,0,0.7551149,0.3716903792635671,0.08377870602335952,-0.35120050590138496,1.0
7311474,114,129,128,679,20,0.0,0,1.089728,0.4546923677388812,0.11983830823939753,-0.25379829017235345,1.0
7311475,115,129,128,680,20,0.0,0,0.9548755,0.38323790674845826,0.13597941209007353,-0.12658556550865685,1.0
7311476,116,129,128,681,20,0.0,0,0.6797055,0.2710085773955998,0.28794524794399706,0.07080519391277824,1.0
7311477,117,129,128,682,20,0.0,0,0.8428109,0.2918272161767212,0.3508787017498027,0.16545740515003815,1.0
7311691,107,130,128,683,20,0.0,3,0.44693267,0.08264453153552814,0.013497420640988004,0.6696017711515583,1.0
7311693,109,130,128,685,20,0.0,2,0.5239099,0.06332224328256592,0.060731509781657235,0.4387044013582212,1.0
7311694,110,130,128,686,20,0.0,0,0.62031376,0.180510994776939,0.07742555293329118,0.0623048134148765,1.0
7311695,111,130,128,687,20,0.0,0,0.6601236,0.28045821966953266,0.13265691633453494,-0.20105449110057205,1.0
7311696,112,130,128,688,20,0.0,0,0.57006866,0.29157518155481776,0.27133207912905694,-0.4412542284172101,1.0
7311697,113,130,128,689,20,0.0,0,0.62438536,0.30298428445128744,0.20582842372475363,-0.3377740978721905,1.0
7311698,114,130,128,690,20,0.0,0,0.87605774,0.4204380541217655,0.12948126510424382,-0.32051829993762493,1.0
7311699,115,130,128,691,20,0.0,0,1.0843037,0.39380865753160477,0.1468196022420508,-0.16647703945638953,1.0
7311700,116,130,128,692,20,0.0,0,0.8164299,0.34930909991010145,0.2216458947080099,0.024271480385889825,1.0
7311701,117,130,128,693,20,0.0,0,0.83351433,0.3722354401505469,0.32609762075237364,0.12748148296450104,1.0
7311917,109,131,128,696,20,0.0,3,0.46389621,0.06275047463974616,0.05360766218550149,0.4566892395190147,1.0
7311918,110,131,128,697,20,0.0,0,0.45410806,0.16768104536571124,0.13156460304856182,0.005969945292273474,1.0
7311919,111,131,128,698,20,0.0,0,0.83562744,0.14216212119893668,0.26902499919756084,-0.21614707263373015,1.0
7311920,112,131,128,699,20,0.0,0,0.86461496,0.22034759557761072,0.3353730492488842,-0.37566436827182276,1.0
7311922,114,131,128,701,20,0.0,1,0.5986516,0.39598947230716447,0.028138170388971723,-0.4056120658578485,1.0
7311923,115,131,128,702,20,0.0,0,1.0503765,0.46119953965810395,0.08144136611788663,-0.22351479650176026,1.0
7311924,116,131,128,703,20,0.0,0,1.0007672,0.41878416433174537,0.20285634601271513,-0.004200252488935758,1.0
7311925,117,131,128,704,20,0.0,0,0.8040721,0.4453245416210838,0.3304558364010537,0.09738852448679189,1.0
7312139,107,132,128,705,20,0.0,3,0.42149785,0.09317171230549212,0.029463483958456934,0.7420666605498875,1.0
7312140,108,132,128,706,20,0.0,3,0.3676045,0.06471445362697084,0.022926753185183786,0.6212255610944825,1.0
7312141,109,132,128,707,20,0.0,2,0.41790295,0.0966383921009533,0.04208206501028969,0.412854775666667,1.0
7312143,111,132,128,709,20,0.0,0,0.79502267,0.05896544236631137,0.37494188241020193,-0.16781898588424057,1.0
7312144,112,132,128,710,20,0.0,0,0.83948714,0.0675484894605474,0.4821638291746341,-0.305103838197995,1.0
7312145,113,132,128,711,20,0.0,1,0.55518776,0.30268732842312246,0.09115046578623912,-0.3778469222155581,1.0
7312146,114,132,128,712,20,0.0,1,0.61010844,0.4577361886666263,0.006161110624744177,-0.4435979964974418,1.0
7312147,115,132,128,713,20,0.0,1,1.1483691,0.44742365623444724,0.06294668485036657,-0.22773409645199397,1.0
7312148,116,132,128,714,20,0.0,0,0.91484475,0.5749957361058133,0.1790314717249113,-0.07203650293752979,1.0
7312149,117,132,128,715,20,0.0,2,0.7431188,0.16826838186702747,0.3906188620409413,0.286260992253919,1.0
7312363,107,133,128,716,20,0.0,3,0.5086995,0.11683366752823106,0.02976263355539603,0.6956570756096659,1.0
7312364,108,133,128,717,20,0.0,2,0.44281223,0.14817782085886017,0.04259972341038264,0.47828815877670117,1.0
7312365,109,133,128,718,20,0.0,2,0.46311897,0.1193278289871502,0.03396698687412289,0.3985134661800793,1.0
7312367,111,133,128,720,20,0.0,1,0.6781389,0.19005041022384703,0.18468312625577102,-0.2815373324663075,1.0
7312368,112,133,128,721,20,0.0,1,0.778457,0.18164493543548926,0.24537903216876464,-0.42159688021582015,1.0
7312369,113,133,128,722,20,0.0,0,0.84591126,0.18577410933515237,0.30012668839310214,-0.33822712284683876,1.0
7312370,114,133,128,723,20,0.0,0,0.8314549,0.5132973001564213,0.06894705570501007,-0.41398820281093807,1.0
7312371,115,133,128,724,20,0.0,1,0.96104383,0.4320308607243961,0.09226854436833141,-0.19241319001166302,1.0
7312372,116,133,128,725,20,0.0,1,0.8730514,0.633941735691071,0.10795822652754714,-0.0827883858369337,1.0
7367467,107,123,129,727,20,0.0,2,0.55379605,0.0946653562542547,0.15879476015711785,0.7989672124391399,1.0
7367470,110,123,129,730,20,0.0,3,0.46808508,0.19141345126249656,0.006182176105332331,0.34318903474299217,1.0
7367471,111,123,129,731,20,0.0,1,0.57378656,0.2996817824139827,0.017173962971366603,-0.10295779677527844,1.0
7367472,112,123,129,732,20,0.0,2,0.6777625,0.42354144097406193,0.030059636454350402,-0.22537669745490316,1.0
7367473,113,123,129,733,20,0.0,0,0.7853753,0.5316314889867242,0.0822412432971388,-0.14740262925307404,1.0
7367474,114,123,129,734,20,0.0,0,0.9883882,0.469035290835835,0.293138517552592,-0.15784969915896777,1.0
7367475,115,123,129,735,20,0.0,0,1.0500536,0.5271388193584305,0.13280837716218324,-0.07950525450425294,1.0
7367476,116,123,129,736,20,0.0,0,0.9781597,0.45050575712911733,0.21094973131808525,0.045336052654849676,1.0
7367477,117,123,129,737,20,0.0,1,0.74923885,0.4234361754202751,0.22961276742831407,0.274564244829207,1.0
7367691,107,124,129,738,20,0.0,3,0.46558708,0.05460416980815997,0.04753298426731456,0.8339010278456102,1.0
7367694,110,124,129,741,20,0.0,2,0.5788041,0.15006698582925138,0.0729603709904525,0.3400136530387929,1.0
7367695,111,124,129,742,20,0.0,3,0.5357972,0.13698083920315393,0.07399693273730197,0.0902183601932231,1.0
7367696,112,124,129,743,20,0.0,1,0.83768076,0.2808592022818588,0.06887132456941165,-0.2515078432032741,1.0
7367697,113,124,129,744,20,0.0,1,0.57383925,0.26630754197347994,0.05314808844361747,-0.2742032369191945,1.0
7367698,114,124,129,745,20,0.0,0,0.96704507,0.4307034367971213,0.109316546801885,-0.12396400793935347,1.0
7367699,115,124,129,746,20,0.0,0,1.10937,0.47333056197629303,0.10502701071833068,-0.10536498203906276,1.0
7367700,116,124,129,747,20,0.0,0,1.1700101,0.4179007524473081,0.23381463403817512,0.020363692194113808,1.0
7367701,117,124,129,748,20,0.0,0,0.94732654,0.22256872570564964,0.5897058592956685,0.06326649710536543,1.0
7367916,108,125,129,750,20,0.0,0,0.6469378,0.31360755826330605,0.09890668163110561,0.4924696981906967,1.0
7367917,109,125,129,751,20,0.0,1,0.542284,0.370084533597686,0.03764176321445483,0.3258828026219544,1.0
7367918,110,125,129,752,20,0.0,1,0.666198,0.22177245318815209,0.19956558601116578,0.17703637425396201,1.0
7367919,111,125,129,753,20,0.0,0,0.947225,0.42699601312282903,0.22832171996546924,-0.011611595393715745,1.0
7367920,112,125,129,754,20,0.0,0,0.9633332,0.4516963029572742,0.1393830400380035,-0.10506547961302475,1.0
7367921,113,125,129,755,20,0.0,0,0.5741382,0.37037424167308375,0.030215036517181233,-0.09683030471381036,1.0
7367922,114,125,129,756,20,0.0,0,0.8457765,0.4097092465306808,0.09250618192092827,-0.06422365081077461,1.0
7367923,115,125,129,757,20,0.0,0,0.9202535,0.4232815102239295,0.07768059363405429,-0.029232157779087206,1.0
7367924,116,125,129,758,20,0.0,1,0.7375511,0.32198710264323077,0.204435694751409,0.1297220084276904,1.0
7367925,117,125,129,759,20,0.0,0,0.8900934,0.16643349138926863,0.6768281448264981,0.13703276216919205,1.0
7368139,107,126,129,760,20,0.0,2,0.563045,0.4387192942765545,0.002830489146111724,0.6685301399488127,1.0
7368142,110,126,129,763,20,0.0,3,0.5427655,0.2630614035903508,0.042552698137642675,0.10635618193306091,1.0
7368143,111,126,129,764,20,0.0,0,1.0172513,0.8581724947065967,0.045696698487297176,0.07106282562053567,1.0
7368144,112,126,129,765,20,0.0,0,1.3432336,0.7597456308919196,0.08580141660079092,-0.07152240387661811,1.0
7368145,113,126,129,766,20,0.0,1,0.6730587,0.4536529919193744,0.056591055926911646,-0.09562743681363664,1.0
7368146,114,126,129,767,20,0.0,0,1.3536086,0.5624221754990043,0.20183803799579325,-0.037662000142243336,1.0
7368147,115,126,129,768,20,0.0,0,1.1652056,0.5017254957170899,0.18279200605100737,0.05280811327205119,1.0
7368148,116,126,129,769,20,0.0,0,0.8603673,0.4380060339883139,0.27023272596257325,0.1444793326125249,1.0
7368149,117,126,129,770,20,0.0,0,1.3885177,0.47850406732954065,0.37767140931215104,0.12869004905262055,1.0
7368364,108,127,129,772,20,0.0,3,0.42716065,0.13501509835415532,0.012906885113441673,0.6600420433128762,1.0
7368365,109,127,129,773,20,0.0,3,0.39392254,0.035684236919040505,0.1295121337795184,0.5793074909973496,1.0
7368366,110,127,129,774,20,0.0,1,0.5349041,0.26547383142573905,0.09993214332773993,0.2401121324841572,1.0
7368367,111,127,129,775,20,0.0,0,1.1096771,0.5762802628321915,0.16925821822297366,-0.1239182618849489,1.0
7368368,112,127,129,776,20,0.0,0,1.1781667,0.6080975700374448,0.14284660651369196,-0.1816154779684063,1.0
7368369,113,127,129,777,20,0.0,1,0.5570273,0.3946437152024683,0.13507704730065712,-0.15942171034650418,1.0
7368370,114,127,129,778,20,0.0,0,1.020426,0.5404263849173384,0.09193719126517255,-0.11083472371693949,1.0
7368371,115,127,129,779,20,0.0,0,1.2100853,0.5174641108089035,0.1526374627648214,0.0022062174569935766,1.0
7368372,116,127,129,780,20,0.0,0,0.99353874,0.5756178431507137,0.22351737166483707,0.09737777337773532,1.0
7368373,117,127,129,781,20,0.0,0,1.0382744,0.341690929330474,0.6173278657689739,0.19116365164234306,1.0
7368589,109,128,129,784,20,0.0,2,0.29365587,-0.02356763508212003,0.13668803589025288,0.5014227628562303,1.0
7368590,110,128,129,785,20,0.0,0,0.63225985,0.24265968749664163,0.10784533718975142,0.17414061352802696,1.0
7368591,111,128,129,786,20,0.0,0,1.0530759,0.4288232988521299,0.20344521303449006,-0.16796369822667012,1.0
7368592,112,128,129,787,20,0.0,0,1.0216708,0.5359645012686933,0.19045201479847193,-0.3338455408442711,1.0
7368593,113,128,129,788,20,0.0,0,0.665571,0.4188063675655217,0.10806716789765722,-0.2546472400346421,1.0
7368594,114,128,129,789,20,0.0,0,0.91300946,0.5541036084479949,0.05878681855946312,-0.2630608081456508,1.0
7368595,115,128,129,790,20,0.0,0,1.0119376,0.4723621735240577,0.10993223303325322,-0.11443114280543404,1.0
7368596,116,128,129,791,20,0.0,0,0.8521707,0.48257651288716336,0.2197601624419125,0.020711017304937827,1.0
7368597,117,128,129,792,20,0.0,0,1.0000407,0.3368488250724913,0.5890038955990946,0.11414984790847893,1.0
7368811,107,129,129,793,20,0.0,3,0.54600084,0.2264512284837227,0.005370859657035468,0.6049664899467053,1.0
7368814,110,129,129,796,20,0.0,0,0.6479507,0.22123669379403715,0.08662834922923798,0.042000968063671956,1.0
7368815,111,129,129,797,20,0.0,0,0.9877717,0.4616443800123309,0.09950599362644187,-0.17917907631314234,1.0
7368816,112,129,129,798,20,0.0,0,0.90059066,0.4984484722708401,0.14996848291718087,-0.3540337386658398,1.0
7368817,113,129,129,799,20,0.0,0,0.6516179,0.3714145471131431,0.09856929392505093,-0.35966202624854876,1.0
7368818,114,129,129,800,20,0.0,0,0.8189892,0.48731019459368646,0.12348574199851667,-0.3324874638127883,1.0
7368819,115,129,129,801,20,0.0,0,1.1240821,0.5579756750306122,0.09607572284478566,-0.2529099285567768,1.0
7368820,116,129,129,802,20,0.0,0,1.1369995,0.5644734221240362,0.19204252612325493,-0.08877851432453734,1.0
7368821,117,129,129,803,20,0.0,0,1.2262608,0.4896295239572492,0.45946067182336486,0.0035411162326278492,1.0
7369035,107,130,129,804,20,0.0,3,0.5838827,0.11027662844719467,0.006982480911154361,0.7529072354721097,1.0
7369038,110,130,129,807,20,0.0,0,0.60342956,0.19605610175349586,0.08644072655155167,0.0842626094804953,1.0
7369039,111,130,129,808,20,0.0,0,1.0417938,0.40029104057311127,0.15667726034658028,-0.20269643444308116,1.0
7369040,112,130,129,809,20,0.0,0,0.9282722,0.4499685742631505,0.20661798552410152,-0.3699057251226604,1.0
7369041,113,130,129,810,20,0.0,0,0.62400645,0.3235268945446556,0.20561521318073583,-0.3305152219708424,1.0
7369042,114,130,129,811,20,0.0,0,0.69103956,0.3328752966427315,0.2745473232467403,-0.32002729177515565,1.0
7369043,115,130,129,812,20,0.0,0,0.9324017,0.5142000510055174,0.13974463056362782,-0.2664524616772482,1.0
7369044,116,130,129,813,20,0.0,0,1.137897,0.5810491328685108,0.30878021614161705,-0.09616292640932232,1.0
7369045,117,130,129,814,20,0.0,0,1.0429225,0.6009531269084328,0.4564411740975554,-0.03156197725418784,1.0
7369259,107,131,129,815,20,0.0,3,0.62465894,0.1390222580393307,0.012439022190288527,0.7961915790782602,1.0
7369260,108,131,129,816,20,0.0,2,0.5776099,-0.04159953599637326,0.2558896740024907,0.6583803295898896,1.0
7369262,110,131,129,818,20,0.0,2,0.3773994,0.006407369836953557,0.16597112458962493,0.267602212726875,1.0
7369263,111,131,129,819,20,0.0,0,0.8410665,0.24709402604770914,0.23638756897791532,-0.15895318988935714,1.0
7369264,112,131,129,820,20,0.0,0,0.7154239,0.23820782422913292,0.3204818075923627,-0.4002573937169672,1.0
7369265,113,131,129,821,20,0.0,0,0.93434995,0.2436779843495812,0.3483691003334134,-0.32517986000293464,1.0
7369266,114,131,129,822,20,0.0,0,0.94838965,0.2951658344888145,0.36386274311359956,-0.2883470652025451,1.0
7369267,115,131,129,823,20,0.0,0,1.0289878,0.5496700439920384,0.19026570931393183,-0.2748754322801962,1.0
7369268,116,131,129,824,20,0.0,0,1.0501999,0.6713398035762189,0.21276886536848075,-0.13353290407700136,1.0
7369269,117,131,129,825,20,0.0,1,0.92394876,0.5072292967409624,0.4267003691722791,-0.026223945108970526,1.0
7369483,107,132,129,826,20,0.0,0,0.76720095,0.4064638885797487,0.20795949366919886,0.48571349682095355,1.0
7369484,108,132,129,827,20,0.0,0,0.7120169,0.2950990324058928,0.20261075094137773,0.44673413024704434,1.0
7369485,109,132,129,828,20,0.0,2,0.56271386,0.08902078838205811,0.0934006950004775,0.5225513726450642,1.0
7369486,110,132,129,829,20,0.0,0,0.5162254,0.1861656545669738,0.10723194949890223,0.12037101398038981,1.0
7369487,111,132,129,830,20,0.0,0,0.85820115,0.09520830657277578,0.3248346508287283,-0.15050742775366793,1.0
7369488,112,132,129,831,20,0.0,0,0.9395699,0.07548200974215916,0.46793073635682725,-0.2705051004884037,1.0
7369489,113,132,129,832,20,0.0,0,0.86385024,0.0904113019434399,0.4671700368468547,-0.2578562945127591,1.0
7369490,114,132,129,833,20,0.0,1,0.7128255,0.386864203967798,0.04723380336791527,-0.47430401861001725,1.0
7369491,115,132,129,834,20,0.0,0,1.2582434,0.5507125232710722,0.20530221384730454,-0.31484136728279444,1.0
7369492,116,132,129,835,20,0.0,0,0.9200089,0.5640165376106229,0.25245865832389563,-0.0874545369314423,1.0
7369493,117,132,129,836,20,0.0,1,1.0460217,0.5196335162838273,0.4463525286684945,-0.05365788238241276,1.0
7369707,107,133,129,837,20,0.0,0,0.8114198,0.43265903741674144,0.23382104898443543,0.4599106310270394,1.0
7369708,108,133,129,838,20,0.0,0,0.7442655,0.4150569099276952,0.12205254368604743,0.3926200717187585,1.0
7369709,109,133,129,839,20,0.0,0,0.7822875,0.42179402045067693,0.08137588040273674,0.28351899237078804,1.0
7369710,110,133,129,840,20,0.0,0,0.9187961,0.3512206425284187,0.12724239131749948,0.0257520806270971,1.0
7369711,111,133,129,841,20,0.0,0,0.9979629,0.17750492062738324,0.42797717220215836,-0.1686115711947166,1.0
7369712,112,133,129,842,20,0.0,0,0.7682376,0.02982980369376902,0.5754875171543755,-0.3369605690257821,1.0
7369713,113,133,129,843,20,0.0,1,0.63126147,0.18156682182257272,0.16104251610780887,-0.49942784983969507,1.0
7369714,114,133,129,844,20,0.0,1,0.74667984,0.26466965420371713,0.16281932586601636,-0.43059432577448015,1.0
7369715,115,133,129,845,20,0.0,0,0.9992052,0.47358101602790353,0.22438105948010648,-0.2981580197812702,1.0
7369716,116,133,129,846,20,0.0,1,0.87461543,0.5905279936143149,0.21032648807304913,-0.12596393412021273,1.0
7369717,117,133,129,847,20,0.0,2,0.83517057,0.26621663316353056,0.45219791443584956,0.10073695424956704,1.0
7424811,107,123,130,848,20,0.0,0,0.6328538,0.3545311199246892,0.06987128523643693,0.5972540378569229,1.0
7424813,109,123,130,850,20,0.0,2,0.5495285,0.10494120098233188,0.049859462990008464,0.6083004177190448,1.0
7424814,110,123,130,851,20,0.0,3,0.36895347,0.12798174764564207,0.012061663728450698,0.4946367102930278,1.0
7424815,111,123,130,852,20,0.0,2,0.707438,0.46589441673472,0.04975000357539248,0.10293935908571392,1.0
7424816,112,123,130,853,20,0.0,1,0.93240064,0.44617324179666157,0.08322864212734755,-0.25435606606964356,1.0
7424817,113,123,130,854,20,0.0,0,0.7594614,0.4496484288599012,0.16823153915856898,-0.14196838065732034,1.0
7424818,114,123,130,855,20,0.0,0,1.0483159,0.5188587155229404,0.12226262762248044,-0.1357457488770973,1.0
7424819,115,123,130,856,20,0.0,0,1.019805,0.503504535805494,0.09857091549734474,-0.07018501922440859,1.0
7424820,116,123,130,857,20,0.0,0,1.1461532,0.4072773853471831,0.271265484833275,0.008860945056842678,1.0
7424821,117,123,130,858,20,0.0,1,0.9420531,0.5370407897504473,0.15197672344075389,0.17374992143825854,1.0
7425035,107,124,130,859,20,0.0,2,0.48413095,0.22906491344024438,0.0626322430651633,0.6390113925900069,1.0
7425036,108,124,130,860,20,0.0,0,0.6931545,0.27065087321037007,0.03978088075663966,0.4680164158343791,1.0
7425037,109,124,130,861,20,0.0,2,0.6229898,0.2106860079366678,0.04301821732418663,0.5584448576193233,1.0
7425038,110,124,130,862,20,0.0,3,0.42663357,0.17436003869923755,0.07584573241190516,0.48600304032950936,1.0
7425039,111,124,130,863,20,0.0,3,0.53936845,0.29296534568243815,0.062193372285518925,0.2090826948972972,1.0
7425040,112,124,130,864,20,0.0,0,1.0663736,0.6802577740028511,0.1575851011041292,-0.0627498626579762,1.0
7425041,113,124,130,865,20,0.0,0,0.6904064,0.3456280100366798,0.13629801214375895,-0.13703319237954067,1.0
7425042,114,124,130,866,20,0.0,0,0.8662252,0.44567483521735657,0.0699528036465419,-0.14996179938560006,1.0
7425043,115,124,130,867,20,0.0,0,1.101622,0.47635221405310074,0.09829218837579873,-0.12662320949373523,1.0
7425044,116,124,130,868,20,0.0,0,1.2041447,0.5014355681265695,0.19924857180764302,-0.06574827991442843,1.0
7425045,117,124,130,869,20,0.0,2,0.66745245,0.47808813999558397,0.19044287256714307,0.14634449791219736,1.0
7425259,107,125,130,870,20,0.0,1,0.54761624,0.34850127708537065,0.007622725035011034,0.8380457752065542,1.0
7425260,108,125,130,871,20,0.0,0,0.77094626,0.4155248075393648,0.032670995655228734,0.5716399550389227,1.0
7425261,109,125,130,872,20,0.0,1,0.6473946,0.5486917555576466,0.01774340185679434,0.47234919565690664,1.0
7425262,110,125,130,873,20,0.0,2,0.7163187,0.4475189325476088,0.07002575244784127,0.5342217090731691,1.0
7425263,111,125,130,874,20,0.0,1,0.9680477,0.5336629323548566,0.28103374720401114,0.08400800146389943,1.0
7425264,112,125,130,875,20,0.0,0,0.8498688,0.7205708525513967,0.17250068943396538,-0.08381029349950138,1.0
7425265,113,125,130,876,20,0.0,0,1.1107838,0.47444393126703543,0.11833331706949003,-0.12557087838759937,1.0
7425266,114,125,130,877,20,0.0,0,1.3725479,0.5574329340054438,0.11852041017675369,-0.1610326133971205,1.0
7425267,115,125,130,878,20,0.0,0,1.0132917,0.5739332549539106,0.10306147480602525,-0.08885370800255094,1.0
7425269,117,125,130,880,20,0.0,3,0.7600665,0.3377414015059049,0.3974262066537947,0.30956700474473786,1.0
7425483,107,126,130,881,20,0.0,3,0.5196202,0.2916527397207544,0.004947435518432336,0.6479786322181575,1.0
7425484,108,126,130,882,20,0.0,0,0.656054,0.48319481560475025,0.12755986553662046,0.6457557380204407,1.0
7425485,109,126,130,883,20,0.0,1,0.6512138,0.6195303915894902,0.06079261541632324,0.4855374344199539,1.0
7425486,110,126,130,884,20,0.0,2,0.70370466,0.603211874241771,0.05365685726317221,0.5048785805704237,1.0
7425487,111,126,130,885,20,0.0,0,1.0825019,1.2023346908255599,0.08933582159601844,0.15353245660658846,1.0
7425488,112,126,130,886,20,0.0,0,1.2929949,1.0015580223473797,0.21335191040879825,-0.037765274214164105,1.0
7425489,113,126,130,887,20,0.0,0,1.1918187,0.7359452263790116,0.20691677708243653,-0.08069450104084477,1.0
7425490,114,126,130,888,20,0.0,0,1.142737,0.7721907115460429,0.14579139819146272,-0.06399042904384053,1.0
7425491,115,126,130,889,20,0.0,0,1.1177814,0.7906906893803888,0.09521478593317176,-0.05502378009320645,1.0
7425492,116,126,130,890,20,0.0,0,1.3126407,0.813355051891188,0.2597711216574916,0.01961132901914545,1.0
7425493,117,126,130,891,20,0.0,0,1.0719897,0.8244400281865532,0.5067265805408805,-0.015537175643531749,1.0
7425707,107,127,130,892,20,0.0,3,0.5894003,0.21018971083840018,0.0016490314444744633,1.0057683859353366,1.0
7425708,108,127,130,893,20,0.0,2,0.5454987,0.1212623150479654,0.14202308032292912,0.6893310248848213,1.0
7425709,109,127,130,894,20,0.0,0,0.80974483,0.4262781593225256,0.03992046355190308,0.41193002462697115,1.0
7425710,110,127,130,895,20,0.0,0,0.7635083,0.5449324447259278,0.04537879459321015,0.24369726330143007,1.0
7425711,111,127,130,896,20,0.0,0,1.150152,0.8379679247382646,0.14226819578089764,-0.0393549073615533,1.0
7425712,112,127,130,897,20,0.0,0,1.0009952,0.8699386081936353,0.18081376712802763,-0.11212608499430524,1.0
7425713,113,127,130,898,20,0.0,0,1.0891315,0.6370372938423846,0.08642193293807965,-0.18569444480153435,1.0
7425714,114,127,130,899,20,0.0,0,1.0169309,0.7191991086061209,0.057446206538671565,-0.18821038679044433,1.0
7425715,115,127,130,900,20,0.0,0,1.141154,0.6741906068413038,0.14312542245715174,-0.06283678114379086,1.0
7425716,116,127,130,901,20,0.0,0,1.211247,0.8539758208995786,0.20766165185739968,-0.01828554793358148,1.0
7425717,117,127,130,902,20,0.0,0,1.2742192,0.8789309355818336,0.4843582974706181,-0.009952032499650878,1.0
7425931,107,128,130,903,20,0.0,3,0.37311727,0.11689663496198735,0.006087470323535359,0.796606356702066,1.0
7425933,109,128,130,905,20,0.0,2,0.45309162,0.07501193809266038,0.09103430204893947,0.5465622693519667,1.0
7425934,110,128,130,906,20,0.0,0,0.6145464,0.34416682919867386,0.0730182995198282,0.16716991364955847,1.0
7425936,112,128,130,908,20,0.0,1,0.9034694,0.5207563468847539,0.2876540370123013,-0.21606072391491263,1.0
7425937,113,128,130,909,20,0.0,0,1.1177918,0.4801541708372385,0.11245797447775087,-0.26439362854411896,1.0
7425938,114,128,130,910,20,0.0,0,1.0652596,0.5065218968577847,0.099450585566911,-0.22818725556153643,1.0
7425939,115,128,130,911,20,0.0,0,0.97608215,0.5866360537215599,0.06638043681598459,-0.1705250069496901,1.0
7425940,116,128,130,912,20,0.0,2,0.8300301,0.257087628189432,0.350626031589082,0.17009740321549197,1.0
7425941,117,128,130,913,20,0.0,2,0.985563,-0.00634185788214784,0.9435450081907669,0.24791020087890453,1.0
7426155,107,129,130,914,20,0.0,0,0.78520846,0.5675158646931142,0.05686304029410154,0.4174231886879365,1.0
7426156,108,129,130,915,20,0.0,3,0.5110674,0.11524795907477448,0.022325696328070573,0.6657444689376338,1.0
7426157,109,129,130,916,20,0.0,2,0.4201111,0.013418021753056942,0.17096761955762982,0.5727829481028102,1.0
7426158,110,129,130,917,20,0.0,0,0.7571796,0.31243219499405855,0.08273443034631205,0.13901333510734404,1.0
7426159,111,129,130,918,20,0.0,0,1.0202713,0.48622469200428375,0.20177788346314948,-0.1306329872525083,1.0
7426160,112,129,130,919,20,0.0,0,1.2003793,0.5256604156069301,0.28106971684008325,-0.2689699010575193,1.0
7426161,113,129,130,920,20,0.0,0,1.1161971,0.3659800290002833,0.21812218444127002,-0.2381318583537442,1.0
7426162,114,129,130,921,20,0.0,0,0.79849726,0.33328287477425517,0.22844628631658234,-0.22408282016639186,1.0
7426163,115,129,130,922,20,0.0,0,0.7439699,0.43324928748786296,0.12634085081185562,-0.19547173380141178,1.0
7426164,116,129,130,923,20,0.0,0,1.0764233,0.749407163517256,0.15041597434557982,-0.181221656501351,1.0
7426165,117,129,130,924,20,0.0,0,1.3392813,0.8274027306703244,0.446835180476495,-0.18884662544518346,1.0
7426379,107,130,130,925,20,0.0,0,0.7962585,0.39999254298877684,0.2478223839174084,0.4923111199874458,1.0
7426380,108,130,130,926,20,0.0,0,0.6934772,0.45477352925443554,0.05318132264743653,0.3847287893269854,1.0
7426381,109,130,130,927,20,0.0,1,0.6532958,0.26851461817550404,0.12700202406660271,0.39523867175306465,1.0
7426382,110,130,130,928,20,0.0,0,0.7656923,0.28361968261936316,0.1030673024415029,0.09894512221503755,1.0
7426383,111,130,130,929,20,0.0,0,1.0281742,0.4715173529208521,0.22899022964644483,-0.15735876187948086,1.0
7426384,112,130,130,930,20,0.0,0,1.0198532,0.4281019334062668,0.3241657784789828,-0.3230171873329291,1.0
7426385,113,130,130,931,20,0.0,0,0.7898818,0.2984834161208008,0.2386600828721406,-0.30470903963522966,1.0
7426386,114,130,130,932,20,0.0,0,0.8460436,0.27740522723423217,0.262383425952287,-0.2738801168613614,1.0
7426387,115,130,130,933,20,0.0,0,0.89706343,0.5485791608361105,0.14140199682684765,-0.27879618818803803,1.0
7426388,116,130,130,934,20,0.0,0,0.943158,0.6938734328931719,0.2275234210115831,-0.16932046413415705,1.0
7426389,117,130,130,935,20,0.0,2,1.0288618,0.08199500803294947,0.6387400524946917,0.14534023776594088,1.0
7426603,107,131,130,936,20,0.0,0,0.85848856,0.5147597643023315,0.1981985564450173,0.4420814067125038,1.0
7426604,108,131,130,937,20,0.0,0,0.83660287,0.5314628099613216,0.061584250478410284,0.3788066507540581,1.0
7426605,109,131,130,938,20,0.0,0,0.7687918,0.36147466215359586,0.16541098020775208,0.3962887522312201,1.0
7426606,110,131,130,939,20,0.0,0,0.7207451,0.3033341058897996,0.1303846611627491,0.08483185619884791,1.0
7426607,111,131,130,940,20,0.0,0,0.95755297,0.31927742215806315,0.2435456949263614,-0.2804199013684897,1.0
7426608,112,131,130,941,20,0.0,0,0.99784446,0.3321142912406885,0.3467983211043774,-0.31793741914847723,1.0
7426609,113,131,130,942,20,0.0,0,0.76919395,0.15532338206038168,0.5274988795072146,-0.20667466895587228,1.0
7426610,114,131,130,943,20,0.0,0,0.7119516,0.17846716847869598,0.42365236552699476,-0.2494240854479571,1.0
7426611,115,131,130,944,20,0.0,2,0.72876304,0.044272639159925825,0.2935683315525995,-0.015934046350489325,1.0
7426612,116,131,130,945,20,0.0,2,0.83265626,0.13053138151313734,0.31034582172083286,0.10335706917348746,1.0
7426613,117,131,130,946,20,0.0,2,0.9095558,0.17053873297916297,0.4985842809392882,0.09634173646928568,1.0
7426827,107,132,130,947,20,0.0,0,1.1824845,0.7450022028682443,0.08549104585792368,0.3885786533251105,1.0
7426828,108,132,130,948,20,0.0,0,0.8690827,0.5526461765913169,0.1263694751337529,0.36787416162462744,1.0
7426829,109,132,130,949,20,0.0,0,0.9505065,0.44032429568923637,0.20777171025588648,0.38937900953948906,1.0
7426830,110,132,130,950,20,0.0,0,1.0184145,0.39221386933474184,0.17382139811337982,0.11613950645129958,1.0
7426831,111,132,130,951,20,0.0,0,0.91457415,0.362097498885041,0.20913020430917661,-0.2717643381877398,1.0
7426832,112,132,130,952,20,0.0,0,0.86708075,0.2500975806533927,0.3803069285462099,-0.30355077237205286,1.0
7426833,113,132,130,953,20,0.0,0,0.55902815,0.0802229727370726,0.42119490155690187,-0.3114407959183602,1.0
7426834,114,132,130,954,20,0.0,0,0.9402535,0.12394998035203726,0.5384121126241946,-0.2813447490337988,1.0
7426835,115,132,130,955,20,0.0,0,0.82530653,0.2912090138964463,0.490216877783378,-0.18769858777519743,1.0
7426836,116,132,130,956,20,0.0,3,0.8431765,0.005397656698967423,0.47194370253614215,0.13943221850376802,1.0
7426837,117,132,130,957,20,0.0,2,0.9892895,0.30181495563093835,0.635476952467877,-0.014249391849522324,1.0
7427051,107,133,130,958,20,0.0,0,1.175931,0.7007985130193036,0.1843956380600818,0.3847333043814093,1.0
7427052,108,133,130,959,20,0.0,0,0.9250981,0.5903441196134863,0.2046365667468672,0.4007092863321357,1.0
7427053,109,133,130,960,20,0.0,0,0.9734761,0.6330098773775262,0.1683152086001337,0.3416914269949244,1.0
7427054,110,133,130,961,20,0.0,0,1.2283789,0.640019379343073,0.1232559237498827,0.04557042569165521,1.0
7427055,111,133,130,962,20,0.0,0,1.3015864,0.6001750721712816,0.21190332472573697,-0.19221726808104928,1.0
7427056,112,133,130,963,20,0.0,0,1.0489528,0.3156884909582999,0.43179008346534986,-0.36103278398512895,1.0
7427057,113,133,130,964,20,0.0,0,0.8249272,0.08411559605074387,0.4730515664533819,-0.3485546561287296,1.0
7427058,114,133,130,965,20,0.0,1,0.7780974,0.15235955288567288,0.31873001405994855,-0.42303484077768533,1.0
7427059,115,133,130,966,20,0.0,0,0.81686366,0.24063415122580456,0.45199379240402515,-0.26306634396393186,1.0
7427060,116,133,130,967,20,0.0,3,0.78164035,0.011477905876175113,0.4970594723546857,0.10278576070440207,1.0
7427061,117,133,130,968,20,0.0,0,1.0313495,0.9553365445266123,0.37365799423668505,-0.31442487984850354,1.0
7482155,107,123,131,969,20,0.0,1,0.5615102,0.22392876272703616,0.026222209353838368,0.6786002203259321,1.0
7482156,108,123,131,970,20,0.0,1,0.4863267,0.25053511973023174,0.019949521028480355,0.5498784240781732,1.0
7482157,109,123,131,971,20,0.0,2,0.6024226,0.23265287691588832,0.008940830047281188,0.7240339219570285,1.0
7482158,110,123,131,972,20,0.0,2,0.66480243,0.2204329273902913,0.09439988895884673,0.6038705408577973,1.0
7482159,111,123,131,973,20,0.0,1,0.76757216,0.4984743556384733,0.19069988020586404,0.21811870259288102,1.0
7482160,112,123,131,974,20,0.0,0,1.0958683,0.63016928678199,0.32432022796098564,-0.13700900973112237,1.0
7482161,113,123,131,975,20,0.0,0,1.1393799,0.46337848515789404,0.16791283295615014,-0.1591202765676017,1.0
7482162,114,123,131,976,20,0.0,0,1.0229832,0.4908472287991803,0.11534187425654872,-0.1058018430188461,1.0
7482163,115,123,131,977,20,0.0,0,0.73987085,0.457131818227892,0.08192951919116935,-0.07472611963754737,1.0
7482165,117,123,131,979,20,0.0,1,0.9421362,0.809710427455528,0.09785377459699397,0.09583922940575583,1.0
7482379,107,124,131,980,20,0.0,1,0.42788708,0.1815843589496398,0.020096115515432854,0.6623525778511629,1.0
7482380,108,124,131,981,20,0.0,0,0.69000334,0.3559387233400944,0.03429384894761596,0.5186420380053879,1.0
7482381,109,124,131,982,20,0.0,2,0.62562364,0.3427792077191613,0.0258246292814854,0.6924780607221963,1.0
7482382,110,124,131,983,20,0.0,2,0.7033354,0.37856648568554596,0.05435562719384261,0.5996069014077553,1.0
7482383,111,124,131,984,20,0.0,2,0.6735273,0.29420411961270365,0.22477119441132462,0.3269248305176072,1.0
7482384,112,124,131,985,20,0.0,0,1.0299313,0.6925807322726807,0.26070144249619276,-0.07873272991530895,1.0
7482385,113,124,131,986,20,0.0,0,0.9331989,0.41550992070026677,0.13455452743505353,-0.06735047232327898,1.0
7482386,114,124,131,987,20,0.0,0,0.84930956,0.41446818195548557,0.19304576948496388,0.012639909978124893,1.0
7482387,115,124,131,988,20,0.0,0,1.0154408,0.4371199782187812,0.20219745706063894,-0.0179826056137757,1.0
7482388,116,124,131,989,20,0.0,2,0.69948626,0.27462678993842704,0.2833699613273508,0.14737840454690157,1.0
7482389,117,124,131,990,20,0.0,3,0.8399531,0.28613220011594837,0.19116283194918474,0.2889232393944889,1.0
7482603,107,125,131,991,20,0.0,0,0.69989145,0.3015521143007298,0.11549784798890947,0.6441403626061748,1.0
7482604,108,125,131,992,20,0.0,0,0.704846,0.3482700573719455,0.1092866088317399,0.6123592257498444,1.0
7482605,109,125,131,993,20,0.0,0,0.89845335,0.6639631299946058,0.06302772072973983,0.4504639796177043,1.0
7482606,110,125,131,994,20,0.0,0,0.90888876,0.8398412082736355,0.07187088049534526,0.281691014766878,1.0
7482607,111,125,131,995,20,0.0,1,1.1123759,0.76453199371116,0.1905911478894198,0.14745620978814247,1.0
7482608,112,125,131,996,20,0.0,1,0.91539484,0.6747768061839744,0.23162068176854725,0.02686668777614488,1.0
7482609,113,125,131,997,20,0.0,0,0.81321377,0.6020846447807283,0.14132459328674768,-0.026977203788507275,1.0
7482610,114,125,131,998,20,0.0,0,0.991676,0.5626372279663328,0.18062492534768032,0.001772768887943641,1.0
7482611,115,125,131,999,20,0.0,0,0.9014599,0.582576151548073,0.14241141904408183,0.0004162341357258318,1.0
7482612,116,125,131,1000,20,0.0,2,0.80570465,0.3092923180015,0.26075641491088297,0.21695080767954686,1.0
7482613,117,125,131,1001,20,0.0,3,0.87231845,0.2812507069747407,0.3433501503611153,0.38007603177465665,1.0
7482827,107,126,131,1002,20,0.0,1,0.6637706,0.4164887617453307,0.016191201666778662,0.7326383713871483,1.0
7482828,108,126,131,1003,20,0.0,0,0.7596344,0.4599126545551633,0.08716183047037679,0.6008402705185493,1.0
7482829,109,126,131,1004,20,0.0,0,1.1043892,0.652739979705903,0.05286936488058906,0.4594169255201034,1.0
7482830,110,126,131,1005,20,0.0,0,0.9821344,0.8812450979536309,0.04940135977137734,0.29723459479066855,1.0
7482831,111,126,131,1006,20,0.0,2,0.9457752,0.7707244213078457,0.12107302641382593,0.46006776390391735,1.0
7482832,112,126,131,1007,20,0.0,1,1.0600041,0.9933926618956066,0.25482409004569145,0.10363178195477443,1.0
7482833,113,126,131,1008,20,0.0,0,1.0406203,0.8986155387014494,0.153736294701262,-0.040687501515931576,1.0
7482834,114,126,131,1009,20,0.0,0,1.1186993,0.80215073930395,0.2190298774409091,-0.01618290691931223,1.0
7482835,115,126,131,1010,20,0.0,0,1.1181692,0.8093611147843656,0.1857332595514228,0.0027161983351436203,1.0
7482836,116,126,131,1011,20,0.0,2,0.85732204,0.5155289536462366,0.24338863985125322,0.23979109521153294,1.0
7482837,117,126,131,1012,20,0.0,0,1.1265782,1.0872405122239897,0.4937884906101746,-0.07446384709299066,1.0
7483052,108,127,131,1014,20,0.0,3,0.5599544,0.17147811530165327,0.03323241101425228,0.7467245970281179,1.0
7483053,109,127,131,1015,20,0.0,0,0.86182034,0.4564353438060865,0.07794387894175092,0.45312795045406423,1.0
7483054,110,127,131,1016,20,0.0,0,0.89899963,0.6300169833523306,0.06881612379636812,0.2776807099579554,1.0
7483055,111,127,131,1017,20,0.0,2,0.98403305,0.5309922820644744,0.12670919546174922,0.3002192441480888,1.0
7483056,112,127,131,1018,20,0.0,1,1.0908399,0.8301302176201637,0.2551792127788482,-0.05529269419011029,1.0
7483057,113,127,131,1019,20,0.0,0,1.1993139,0.7628554820266531,0.18303293602427906,-0.15318669372907157,1.0
7483058,114,127,131,1020,20,0.0,0,1.0577189,0.6723331331162562,0.22097117325744686,-0.13197577744732308,1.0
7483059,115,127,131,1021,20,0.0,0,1.0511265,0.6344690084462193,0.3085999061844813,-0.030348570919274804,1.0
7483060,116,127,131,1022,20,0.0,2,0.8352386,0.41305242660327773,0.30565324120791726,0.21309069187957172,1.0
7483061,117,127,131,1023,20,0.0,0,1.2995774,1.1921335815887866,0.4798498024226877,-0.11518232600309057,1.0
7483276,108,128,131,1025,20,0.0,0,0.634234,0.3925108842186564,0.148730395511313,0.4893371760844018,1.0
7483277,109,128,131,1026,20,0.0,0,0.5722635,0.3834380385573962,0.10207038575489079,0.41775645315661597,1.0
7483278,110,128,131,1027,20,0.0,0,0.75541276,0.530185052333809,0.046155435684233734,0.14715903997420837,1.0
7483279,111,128,131,1028,20,0.0,1,0.9354518,0.7187254874175116,0.1266006873188347,-0.014880193175684226,1.0
7483280,112,128,131,1029,20,0.0,0,1.3905596,0.8581833621894523,0.3152090150461737,-0.2546194121176932,1.0
7483281,113,128,131,1030,20,0.0,0,1.0414363,0.6010519177660543,0.21743436452973836,-0.17605047338291227,1.0
7483282,114,128,131,1031,20,0.0,0,0.9718006,0.42975519802664264,0.32407301254138926,-0.15401316806656337,1.0
7483283,115,128,131,1032,20,0.0,0,1.1071801,0.6241486185258357,0.08042902481949275,-0.19342941791161625,1.0
7483284,116,128,131,1033,20,0.0,1,0.95083845,0.6514847517408148,0.2200446000840691,-0.09399060414087562,1.0
7483285,117,128,131,1034,20,0.0,1,1.3407027,0.5295247040254044,0.7490184712063704,-0.09616064396527997,1.0
7483499,107,129,131,1035,20,0.0,0,0.8969202,0.5129900427443078,0.2240928407949057,0.4805516004565958,1.0
7483500,108,129,131,1036,20,0.0,0,0.79477644,0.47356576347791207,0.15078039716790786,0.42195211350898487,1.0
7483501,109,129,131,1037,20,0.0,1,0.5584117,0.4113110646590248,0.09274436887608371,0.39992224302635043,1.0
7483502,110,129,131,1038,20,0.0,0,0.7605335,0.5169449542277019,0.04939655570421734,0.16029878706567055,1.0
7483503,111,129,131,1039,20,0.0,1,0.81571007,0.6914480028031585,0.12971871731601495,-0.06406501628024946,1.0
7483504,112,129,131,1040,20,0.0,0,1.0899899,0.8010936977858686,0.23888036528825052,-0.21739628886225695,1.0
7483505,113,129,131,1041,20,0.0,0,1.2804669,0.5121592347604544,0.1861566176437953,-0.22648908570064305,1.0
7483506,114,129,131,1042,20,0.0,0,1.0442159,0.4354319900322211,0.1765008652423454,-0.23951866831653817,1.0
7483507,115,129,131,1043,20,0.0,0,0.8777776,0.5991379767554774,0.08377552054881407,-0.28530150629606493,1.0
7483508,116,129,131,1044,20,0.0,2,0.7871648,0.16752955070761605,0.24801435067844493,0.07501550763037013,1.0
7483509,117,129,131,1045,20,0.0,1,1.1780877,0.20942276765270038,0.9364356879814321,-0.05832729218571373,1.0
7483723,107,130,131,1046,20,0.0,0,1.1268991,0.809720385300031,0.09524517610294704,0.36304165422914286,1.0
7483724,108,130,131,1047,20,0.0,0,0.9599294,0.6474294841385225,0.1036294032676117,0.35443830405758975,1.0
7483725,109,130,131,1048,20,0.0,0,1.1940058,0.4475714678083791,0.27673683275108535,0.42112919688102923,1.0
7483726,110,130,131,1049,20,0.0,0,1.0626711,0.5246889584247388,0.11775151036891232,0.1654946841281604,1.0
7483727,111,130,131,1050,20,0.0,3,0.64860535,0.4224238117340566,0.14686439274958216,-0.2589426072225579,1.0
7483728,112,130,131,1051,20,0.0,1,0.8086876,0.5627320326056662,0.28194050858560976,-0.13796782896822002,1.0
7483729,113,130,131,1052,20,0.0,0,1.2941588,0.3843617436737814,0.27131572414272975,-0.16975577409622072,1.0
7483730,114,130,131,1053,20,0.0,0,1.0467148,0.29674027076018694,0.2352366157237063,-0.237969335166778,1.0
7483732,116,130,131,1055,20,0.0,2,0.78047925,0.24729822434958884,0.21735485175841704,0.025069955347692515,1.0
7483733,117,130,131,1056,20,0.0,3,0.7810762,0.286292184699098,0.23395389108625872,0.18982708303509,1.0
7483947,107,131,131,1057,20,0.0,0,1.2844222,0.8906373519486395,0.17580536230666888,0.3340428620577685,1.0
7483948,108,131,131,1058,20,0.0,0,1.0613463,0.6706433054134542,0.2869181991029539,0.37365315595950743,1.0
7483949,109,131,131,1059,20,0.0,0,1.094759,0.6407781214924011,0.27964240880007224,0.39727623761557496,1.0
7483950,110,131,131,1060,20,0.0,0,0.9992636,0.6816502337280479,0.12504497666032818,0.12560585421436601,1.0
7483951,111,131,131,1061,20,0.0,0,1.1222234,0.8126482276689502,0.11097173720242734,-0.18816272915124505,1.0
7483952,112,131,131,1062,20,0.0,0,0.77729845,0.6472244885882322,0.211449230140536,-0.23769069465724313,1.0
7483953,113,131,131,1063,20,0.0,0,0.63139784,0.2905880418344667,0.26213260362740914,-0.17783148218185044,1.0
7483954,114,131,131,1064,20,0.0,0,0.9947044,0.1878330624799606,0.42480592695851377,-0.17704307958931254,1.0
7483956,116,131,131,1066,20,0.0,1,0.92475253,0.3986219844804427,0.4974437483976483,-0.12972095108293125,1.0
7483957,117,131,131,1067,20,0.0,2,0.9687414,0.2074505515252911,0.5333637342152742,0.013868001408408414,1.0
7484171,107,132,131,1068,20,0.0,0,1.2843566,0.9578980943992094,0.24590787452827415,0.2840285152060835,1.0
7484172,108,132,131,1069,20,0.0,1,1.1269898,0.6105372006207095,0.304063454415594,0.4227904837993523,1.0
7484173,109,132,131,1070,20,0.0,1,1.0544279,0.6436933565464541,0.2207340642055118,0.4148256288675695,1.0
7484174,110,132,131,1071,20,0.0,0,1.1167698,0.9387749664827075,0.09114412807824199,0.004175775688537694,1.0
7484175,111,132,131,1072,20,0.0,0,1.2877392,0.9968390750956875,0.0902571701602707,-0.19978830216141713,1.0
7484176,112,132,131,1073,20,0.0,0,0.92989326,0.7160036028994092,0.1573005196469118,-0.27683990448345963,1.0
7484178,114,132,131,1075,20,0.0,0,1.1780701,0.10712704822165682,0.6703608101477216,-0.1856786496150991,1.0
7484179,115,132,131,1076,20,0.0,3,0.7033351,-0.5067703573454945,1.0637368531709865,0.15549786720050987,1.0
7484180,116,132,131,1077,20,0.0,2,0.9248562,0.06753757663102376,0.6218050630381425,0.06738492846959403,1.0
7484181,117,132,131,1078,20,0.0,2,0.90667814,0.22249883968490464,0.5118550823970396,-0.00014168393352757518,1.0
7484395,107,133,131,1079,20,0.0,0,1.3384987,1.0413597950571494,0.23708436245596476,0.2745788247690361,1.0
7484396,108,133,131,1080,20,0.0,0,1.3323052,0.8229452798615862,0.45243058074302944,0.36287765953581486,1.0
7484397,109,133,131,1081,20,0.0,1,0.919955,0.8213962814521296,0.13272776885076482,0.37344839340163716,1.0
7484398,110,133,131,1082,20,0.0,0,1.1005651,1.1034840249093838,0.02742858666701184,0.002272340585225433,1.0
7484399,111,133,131,1083,20,0.0,0,1.4426097,1.1566371948078946,0.10807860479697647,-0.29438409253821557,1.0
7484400,112,133,131,1084,20,0.0,0,0.94975054,0.7900114885761468,0.14183865626409126,-0.2603710963897012,1.0
7484402,114,133,131,1086,20,0.0,1,0.96335983,0.3820182908125206,0.22366000770492772,-0.43314133006051514,1.0
7484403,115,133,131,1087,20,0.0,0,1.0020479,0.27273843891790556,0.709520971627904,-0.2597967162726236,1.0
7484404,116,133,131,1088,20,0.0,0,0.95097595,0.5347052067807224,0.5801921486080743,-0.20228333026916395,1.0
7484405,117,133,131,1089,20,0.0,2,1.0894449,0.3039266457324035,0.8429415912850531,-0.13200587295701166,1.0
7539499,107,123,132,1090,20,0.0,1,0.44297525,0.19638249660119145,0.026941699697906916,0.7014366461158629,1.0
7539500,108,123,132,1091,20,0.0,0,0.6034351,0.3467194026506952,0.04174379293210212,0.575840562582559,1.0
7539501,109,123,132,1092,20,0.0,2,0.78005284,0.3775264170294189,0.05952319571869889,0.7782403528690662,1.0
7539502,110,123,132,1093,20,0.0,1,1.0921309,0.77532882453961,0.08375235323952586,0.49270229341752286,1.0
7539503,111,123,132,1094,20,0.0,1,1.0297302,0.6866460164051305,0.19435078708153922,0.2610088784819576,1.0
7539504,112,123,132,1095,20,0.0,0,1.3866098,1.0672806990663306,0.272930405036629,-0.03119723498427685,1.0
7539505,113,123,132,1096,20,0.0,0,1.1689031,0.6541148085536994,0.2197481176960393,-0.06181716173741693,1.0
7539506,114,123,132,1097,20,0.0,0,1.0180869,0.6009143086839461,0.22155017801750146,-0.017826177179811248,1.0
7539507,115,123,132,1098,20,0.0,0,0.89749664,0.5622336094862098,0.14915952438232624,0.031087126307180718,1.0
7539508,116,123,132,1099,20,0.0,2,0.75126606,0.19939424513755727,0.33095503510894553,0.2016840390785067,1.0
7539509,117,123,132,1100,20,0.0,3,0.94434464,0.5321936650925944,0.07179082538451424,0.3901894585684926,1.0
7539723,107,124,132,1101,20,0.0,1,0.45484617,0.23302397982779852,0.03691103688348829,0.6896422030967965,1.0
7539724,108,124,132,1102,20,0.0,0,0.8126754,0.3993781801061839,0.07511384659835013,0.5457428415853884,1.0
7539725,109,124,132,1103,20,0.0,2,0.6997533,0.544770155835763,0.013161620520761511,0.6884092092514581,1.0
7539726,110,124,132,1104,20,0.0,1,0.9602676,0.6723747471650585,0.29719482543992387,0.3705783315617239,1.0
7539727,111,124,132,1105,20,0.0,1,1.2047976,0.5135384214703977,0.4110066910588169,0.28044195368306296,1.0
7539728,112,124,132,1106,20,0.0,0,1.1598401,0.7178547400102816,0.4786652286692804,0.0600862913371257,1.0
7539729,113,124,132,1107,20,0.0,0,0.84194887,0.5476385319374406,0.23482859847533943,0.05171168781800658,1.0
7539730,114,124,132,1108,20,0.0,0,1.0199685,0.5352968301937776,0.2843118257183722,0.07902383431702843,1.0
7539731,115,124,132,1109,20,0.0,0,1.020437,0.5691599175391575,0.2122949212677027,0.1101065222183416,1.0
7539732,116,124,132,1110,20,0.0,2,0.89799374,0.248627617056394,0.331098811634667,0.27554961666474836,1.0
7539733,117,124,132,1111,20,0.0,3,0.83782774,0.4361145692406989,0.13250500044384533,0.4249598057261082,1.0
7539948,108,125,132,1113,20,0.0,0,0.86372167,0.35428144293505603,0.20374328896359492,0.6335544584996144,1.0
7539949,109,125,132,1114,20,0.0,0,0.8147178,0.6986801825331931,0.0640157654273511,0.5141454785139187,1.0
7539950,110,125,132,1115,20,0.0,2,0.7797242,0.5288865560280308,0.053106547592082116,0.64601358770924,1.0
7539951,111,125,132,1116,20,0.0,1,1.1963639,0.7200829743545082,0.31346173743022504,0.3242865770056296,1.0
7539952,112,125,132,1117,20,0.0,0,1.4497511,0.8782894820083202,0.45142226217438386,0.06407587836393659,1.0
7539953,113,125,132,1118,20,0.0,0,1.3111601,0.6675128790571739,0.2331458914173501,0.06282486040283132,1.0
7539954,114,125,132,1119,20,0.0,0,1.1095427,0.6068592997921656,0.31969311186987154,0.11363340541769192,1.0
7539955,115,125,132,1120,20,0.0,0,0.8589364,0.6348828559583428,0.24125909114223656,0.13352097222035567,1.0
7539956,116,125,132,1121,20,0.0,2,0.7390474,0.4140473193322348,0.2493101584440049,0.2896313965436266,1.0
7539957,117,125,132,1122,20,0.0,3,0.8906427,0.5211487543456782,0.07754883577083409,0.3723236787984877,1.0
7540172,108,126,132,1124,20,0.0,0,0.6857088,0.4745616485829059,0.10701937571711329,0.5737090706725991,1.0
7540173,109,126,132,1125,20,0.0,0,0.9007941,0.5480287708077267,0.11842372273997936,0.5198601484329193,1.0
7540174,110,126,132,1126,20,0.0,0,0.8664437,0.8099912898319144,0.07283332018511518,0.384726285934333,1.0
7540175,111,126,132,1127,20,0.0,1,1.1100109,0.8199135781095204,0.3816669983216974,0.2545292659508162,1.0
7540176,112,126,132,1128,20,0.0,0,1.4960518,1.1321399573431399,0.47941772975999675,0.10717823066427551,1.0
7540177,113,126,132,1129,20,0.0,0,1.325845,0.8959262992766645,0.2480819764534462,0.12571361576737108,1.0
7540178,114,126,132,1130,20,0.0,0,1.2733953,0.8110159496544506,0.24729144371804862,0.07152481375290877,1.0
7540179,115,126,132,1131,20,0.0,0,1.0911542,0.8735483463299326,0.21365740384804668,0.07967444509294992,1.0
7540395,107,127,132,1134,20,0.0,3,0.5880462,0.22062439772330603,0.03972619526805545,0.7859927260973609,1.0
7540396,108,127,132,1135,20,0.0,3,0.49743962,0.23765473726353772,0.04477385998878977,0.7024639508407752,1.0
7540397,109,127,132,1136,20,0.0,0,0.7793253,0.38470194456957985,0.1935897624894379,0.49183474479741646,1.0
7540398,110,127,132,1137,20,0.0,0,0.7454319,0.6142295439228289,0.10559913732536529,0.3589966148013804,1.0
7540399,111,127,132,1138,20,0.0,2,0.8656682,0.4269137521487992,0.14505517682371621,0.3771767914360887,1.0
7540400,112,127,132,1139,20,0.0,0,1.3483764,0.9541822333729034,0.3709825958660465,0.000598363581213791,1.0
7540401,113,127,132,1140,20,0.0,0,1.3446689,0.7119297357573656,0.27841628153332265,0.03516454991813146,1.0
7540402,114,127,132,1141,20,0.0,0,1.2995219,0.5376618793512875,0.39359733643024186,-0.007248818874359097,1.0
7540403,115,127,132,1142,20,0.0,0,1.019101,0.8949108141680944,0.2479972803739001,-0.09484130458068998,1.0
7540405,117,127,132,1144,20,0.0,2,0.9353059,0.33160211220009,0.5939778372553866,0.2768584974578284,1.0
7540619,107,128,132,1145,20,0.0,0,0.8284922,0.4416530370052571,0.3217264526129964,0.5210270259657294,1.0
7540620,108,128,132,1146,20,0.0,0,0.7611279,0.4948894301290366,0.1510070721439426,0.4425805808292748,1.0
7540621,109,128,132,1147,20,0.0,0,0.68521446,0.37712942832150953,0.2705532749238282,0.4327220918795402,1.0
7540622,110,128,132,1148,20,0.0,0,0.8306353,0.571651821048558,0.04116739886667008,0.23432536423218825,1.0
7540623,111,128,132,1149,20,0.0,1,0.8629034,0.8493500281585481,0.05807582706839531,0.0565452643094958,1.0
7540624,112,128,132,1150,20,0.0,1,0.97512233,0.7079771993036638,0.19799868805875226,-0.0464243405753188,1.0
7540625,113,128,132,1151,20,0.0,0,1.167705,0.6087535165893458,0.2003493024486854,-0.12240324914904317,1.0
7540626,114,128,132,1152,20,0.0,0,1.072899,0.4229618317087046,0.32129025336309575,-0.15548051149089237,1.0
7540627,115,128,132,1153,20,0.0,1,0.91501033,0.45685622725842107,0.3485388181634881,-0.0898037651315185,1.0
7540628,116,128,132,1154,20,0.0,2,0.6767557,0.3500639102595848,0.15791443452181006,0.11901473999422668,1.0
7540629,117,128,132,1155,20,0.0,2,0.91748345,0.22826828981185898,0.4806643987739379,0.17937174812003523,1.0
7540843,107,129,132,1156,20,0.0,0,0.95290947,0.7072965136289494,0.201746179364335,0.3963415026231133,1.0
7540844,108,129,132,1157,20,0.0,0,1.0838424,0.634217927849676,0.17296118538125677,0.38215860724444933,1.0
7540845,109,129,132,1158,20,0.0,0,0.99664634,0.5251282508315139,0.162951995221501,0.38107296814339714,1.0
7540846,110,129,132,1159,20,0.0,0,1.0019928,0.7091576907136125,0.060817688080993804,0.06902923619549371,1.0
7540847,111,129,132,1160,20,0.0,0,1.155283,0.9272194260249936,0.10123221982848933,-0.0980633981471176,1.0
7540848,112,129,132,1161,20,0.0,1,0.82212836,0.8054656386474004,0.10822011743821375,-0.060837683231728355,1.0
7540849,113,129,132,1162,20,0.0,0,0.9388944,0.5882468687731651,0.17071917299907752,-0.1564991783775067,1.0
7540850,114,129,132,1163,20,0.0,0,1.0733231,0.435278109488896,0.22929279648176332,-0.2579801436666639,1.0
7540851,115,129,132,1164,20,0.0,1,0.93461895,0.42194672469602706,0.24264546617416363,-0.19654274835384777,1.0
7540852,116,129,132,1165,20,0.0,3,0.5990811,0.22210482894387287,0.19155007222842227,0.04999629273465372,1.0
7540853,117,129,132,1166,20,0.0,2,0.92921853,0.3262203364196465,0.3279774435763235,0.05107110376489583,1.0
7541067,107,130,132,1167,20,0.0,0,1.3205833,0.8170309515399797,0.34980744227183774,0.3485535992660391,1.0
7541068,108,130,132,1168,20,0.0,0,1.1284056,0.8217082101125394,0.2109512829755555,0.32648468017933147,1.0
7541069,109,130,132,1169,20,0.0,0,1.0008318,0.7622346342726354,0.15208001708873278,0.3399293571683409,1.0
7541070,110,130,132,1170,20,0.0,0,1.0699221,0.8093875349284008,0.03316023911636271,0.1434704511844823,1.0
7541071,111,130,132,1171,20,0.0,0,1.181518,1.0226313553367938,0.03739325560522431,-0.03745006583948213,1.0
7541072,112,130,132,1172,20,0.0,1,0.8545043,0.884720743809772,0.0844135297653682,-0.08365653161304441,1.0
7541073,113,130,132,1173,20,0.0,0,0.8944887,0.6247909173635278,0.23669458313804342,-0.19081208856456414,1.0
7541074,114,130,132,1174,20,0.0,0,0.87240595,0.4716808459813183,0.19637111565800353,-0.30268978335843816,1.0
7541075,115,130,132,1175,20,0.0,1,0.9388097,0.3897825464857161,0.23752659209223498,-0.21248118557718793,1.0
7541076,116,130,132,1176,20,0.0,3,0.73228395,0.03715405729113628,0.4197871620432679,0.09298166188523403,1.0
7541077,117,130,132,1177,20,0.0,2,0.7421843,0.5681385884541607,0.22152288823801644,-0.07403778268035767,1.0
7541291,107,131,132,1178,20,0.0,0,1.2833568,1.0722899926305909,0.3853370744017928,0.2749967669939896,1.0
7541292,108,131,132,1179,20,0.0,0,1.2977011,0.9540573014124599,0.4379141414174991,0.33715859023370737,1.0
7541293,109,131,132,1180,20,0.0,1,1.1606938,0.7498724637203129,0.2747607917281909,0.4095833517400752,1.0
7541294,110,131,132,1181,20,0.0,1,1.0006193,0.9300627534979057,0.07515009256441763,0.1813876375211032,1.0
7541295,111,131,132,1182,20,0.0,0,1.3789402,1.230599067344265,0.07491363823666738,-0.09631235532910572,1.0
7541296,112,131,132,1183,20,0.0,0,1.1833615,1.117744555663736,0.04556347807576353,-0.10515165794931931,1.0
7541297,113,131,132,1184,20,0.0,0,0.8116501,0.6115855964613361,0.13702265601954725,-0.1287581597879012,1.0
7541298,114,131,132,1185,20,0.0,0,1.049744,0.4223281801766686,0.26181386688736075,-0.19000127632116776,1.0
7541299,115,131,132,1186,20,0.0,1,0.89030707,0.32470588206978823,0.36179304141645824,-0.1724972566508381,1.0
7541300,116,131,132,1187,20,0.0,3,0.5955063,0.17486890089704446,0.2736715538188091,0.011592267341677127,1.0
7541301,117,131,132,1188,20,0.0,2,0.72664785,0.3644840578165029,0.2849427143365925,-0.010013353110406393,1.0
7541515,107,132,132,1189,20,0.0,0,1.3500339,1.3416497498743678,0.3161293070130449,0.1774961049529473,1.0
7541516,108,132,132,1190,20,0.0,0,1.4077916,1.1635857392171518,0.4608458539872028,0.298433929731258,1.0
7541517,109,132,132,1191,20,0.0,2,0.918341,0.6661911324637274,0.08094906490084157,0.5523928999891824,1.0
7541518,110,132,132,1192,20,0.0,1,0.99064225,1.204167021012541,0.05942959893455698,0.13225147528425246,1.0
7541519,111,132,132,1193,20,0.0,0,1.5316658,1.5450756815338498,0.04010886603627849,-0.12678029390571638,1.0
7541520,112,132,132,1194,20,0.0,0,1.405418,1.3066350232099522,0.10263514309507894,-0.09237623494113516,1.0
7541521,113,132,132,1195,20,0.0,0,0.87888026,0.5955961259801195,0.21003614470128965,-0.08143700229180195,1.0
7541522,114,132,132,1196,20,0.0,0,0.96469575,0.5133001607663032,0.34154261112666695,-0.22783842683828595,1.0
7541523,115,132,132,1197,20,0.0,1,0.64363897,0.15145137800811093,0.43186098079520013,-0.1274533727139296,1.0
7541524,116,132,132,1198,20,0.0,0,1.0423039,0.6773811268591315,0.31718024813620677,-0.23540622007872689,1.0
7541525,117,132,132,1199,20,0.0,3,0.70770216,0.3251957125750623,0.2910845819876135,0.0020586706173305377,1.0
7541739,107,133,132,1200,20,0.0,0,1.359439,1.464865449579169,0.22716211914320247,0.1629989815624868,1.0
7541740,108,133,132,1201,20,0.0,0,1.2901561,1.2249991590044949,0.25066149348862904,0.27426598221037835,1.0
7541741,109,133,132,1202,20,0.0,1,1.0575125,1.2327484315022736,0.04635029706816174,0.2621043935737104,1.0
7541742,110,133,132,1203,20,0.0,0,1.338581,1.4606801077247735,0.025759080068628235,0.043242653811215885,1.0
7541743,111,133,132,1204,20,0.0,0,1.5800728,1.6707688244968204,0.04348034194100489,-0.20788080243006196,1.0
7541744,112,133,132,1205,20,0.0,0,1.4637593,1.4004804162811193,0.053738481167016176,-0.1906089038060064,1.0
7541745,113,133,132,1206,20,0.0,0,0.9178055,0.787414098419063,0.14973516339885812,-0.18937778473166766,1.0
7541746,114,133,132,1207,20,0.0,0,0.92616236,0.5674109049366574,0.2748300951291398,-0.22762615969174013,1.0
7541747,115,133,132,1208,20,0.0,0,1.2780457,0.2523237968991691,0.7033552114845651,-0.10472469404214951,1.0
7541748,116,133,132,1209,20,0.0,0,1.199175,0.7710506496049557,0.409701490416533,-0.24414281553049758,1.0
7541749,117,133,132,1210,20,0.0,2,1.1142949,0.4426019596362306,0.4607496942579361,-0.08254934521952645,1.0
7596843,107,123,133,1211,20,0.0,0,0.6116172,0.35033565290093394,0.06893068000899333,0.5701817572111807,1.0
7596844,108,123,133,1212,20,0.0,0,0.70388556,0.3997262136525392,0.08927768143277544,0.5839851200580851,1.0
7596845,109,123,133,1213,20,0.0,1,0.89853024,0.813600834115932,0.0215077657513542,0.5519485960150387,1.0
7596846,110,123,133,1214,20,0.0,2,0.8233266,0.4155516684998534,0.033927100708183715,0.6893016099931109,1.0
7596847,111,123,133,1215,20,0.0,2,0.7928351,0.37448584831324,0.20767185496157947,0.4864872097969191,1.0
7596848,112,123,133,1216,20,0.0,0,1.3200637,0.9207358661734025,0.41727852991818426,-0.01518050892070432,1.0
7596849,113,123,133,1217,20,0.0,0,1.2291209,0.6318923829320806,0.25729653271901926,0.008310306840880527,1.0
7596850,114,123,133,1218,20,0.0,0,1.1965642,0.495997007520104,0.3500992461221684,-0.007030952106200776,1.0
7596851,115,123,133,1219,20,0.0,0,1.0643896,0.566721810635678,0.16662389291087,-0.03141880407963481,1.0
7596852,116,123,133,1220,20,0.0,3,0.6505791,0.32196408394885767,0.02483580279044511,0.28755077607611534,1.0
7596853,117,123,133,1221,20,0.0,3,0.5832911,0.3380648249547625,0.08665061809245048,0.4081695658247907,1.0
7597067,107,124,133,1222,20,0.0,1,0.54008824,0.3496036625026191,0.03321270459370474,0.6472253663546644,1.0
7597068,108,124,133,1223,20,0.0,0,0.80870384,0.5164058202592976,0.04907082138372723,0.5599063336883611,1.0
7597069,109,124,133,1224,20,0.0,0,0.97891563,0.8484010582527114,0.03363662255471446,0.5235801339160333,1.0
7597070,110,124,133,1225,20,0.0,1,1.0088068,0.8389338608104431,0.09324173324839514,0.4196455409861322,1.0
7597071,111,124,133,1226,20,0.0,2,0.82059044,0.34406937027138795,0.2663553483471226,0.5234733223925507,1.0
7597072,112,124,133,1227,20,0.0,1,1.1745474,0.3055002085065627,0.6548666034848128,0.20193930436664706,1.0
7597073,113,124,133,1228,20,0.0,0,0.8897321,0.5691057255281364,0.2741584558946273,0.1253889100519573,1.0
7597074,114,124,133,1229,20,0.0,0,0.9076696,0.5260472540200779,0.26563132919200255,0.12067140638908283,1.0
7597075,115,124,133,1230,20,0.0,0,1.1950907,0.7061395074796354,0.2869089792824974,0.044727265655101385,1.0
7597076,116,124,133,1231,20,0.0,2,0.88752717,0.4405060664089893,0.28379360730816827,0.22731596230633733,1.0
7597077,117,124,133,1232,20,0.0,3,0.6790264,0.42428427926102336,0.1232908294335674,0.4764924154894943,1.0
7597291,107,125,133,1233,20,0.0,3,0.48713616,0.20971739642094395,0.033626666690418076,0.8055123159386138,1.0
7597292,108,125,133,1234,20,0.0,0,0.7107451,0.4439662859360689,0.15467205336150572,0.5799755454093806,1.0
7597293,109,125,133,1235,20,0.0,0,0.91754425,0.7061263113284795,0.06277490869203478,0.5258846878963126,1.0
7597294,110,125,133,1236,20,0.0,1,0.8496794,0.8550241007608516,0.037938813270498584,0.45156292649774293,1.0
7597295,111,125,133,1237,20,0.0,1,1.083265,0.7324582691081403,0.2775724287296367,0.3206965827971503,1.0
7597296,112,125,133,1238,20,0.0,1,1.2560147,0.5331738852088534,0.46918396774410165,0.2432910653130443,1.0
7597297,113,125,133,1239,20,0.0,0,1.1857927,0.6854129839222219,0.2982044601076273,0.21520096342443937,1.0
7597298,114,125,133,1240,20,0.0,0,1.3724335,0.5964555175448784,0.3066501555117146,0.16420349477716345,1.0
7597299,115,125,133,1241,20,0.0,0,1.3027344,0.7851351025385327,0.1822534844618304,0.0865151278178644,1.0
7597300,116,125,133,1242,20,0.0,2,0.8449569,0.3749182546661953,0.22953995637297914,0.3183338195237978,1.0
7597515,107,126,133,1244,20,0.0,3,0.67167956,0.19803591269853763,0.052447950529721336,0.908624717064777,1.0
7597516,108,126,133,1245,20,0.0,0,0.7371635,0.39437974264213516,0.27939669649142085,0.5764984043013295,1.0
7597517,109,126,133,1246,20,0.0,0,0.83799696,0.6205784609530623,0.05995042510506614,0.4678725749271402,1.0
7597518,110,126,133,1247,20,0.0,0,0.81958306,0.8369047858802616,0.07000105211638846,0.3782054632943565,1.0
7597519,111,126,133,1248,20,0.0,1,1.1084858,1.0318319342675593,0.13846621670837375,0.3137865008045548,1.0
7597520,112,126,133,1249,20,0.0,1,1.2399789,0.9693481414638344,0.264354824862796,0.29798812307871764,1.0
7597521,113,126,133,1250,20,0.0,0,1.2668403,0.9324795008833153,0.27326479532643994,0.2208941318129464,1.0
7597522,114,126,133,1251,20,0.0,0,1.3214773,0.772465499834521,0.34584390601838116,0.15910797939002952,1.0
7597523,115,126,133,1252,20,0.0,0,1.3309755,0.9970672719541352,0.2805101883666641,0.04601849283622094,1.0
7597524,116,126,133,1253,20,0.0,3,0.6663188,0.2229572185757351,0.34731996234548757,0.2949494227549678,1.0
7597525,117,126,133,1254,20,0.0,3,0.69179296,0.37515721412555914,0.17084432649728531,0.4209769056763616,1.0
7597739,107,127,133,1255,20,0.0,0,0.8798908,0.48055909791971635,0.3409447632029381,0.5501900758344112,1.0
7597740,108,127,133,1256,20,0.0,0,0.86812496,0.49411055531241926,0.23924842350439512,0.5161819305721407,1.0
7597741,109,127,133,1257,20,0.0,0,0.9826363,0.436399103909,0.2787255015147333,0.5083456635270979,1.0
7597742,110,127,133,1258,20,0.0,0,1.0385494,0.7410348460502703,0.028958925519829218,0.31594736874104024,1.0
7597743,111,127,133,1259,20,0.0,1,1.0500188,0.8969079159419477,0.17357312644717346,0.1684680358839719,1.0
7597744,112,127,133,1260,20,0.0,1,1.0488354,0.8342460799275224,0.24087643879561602,0.1902297461108206,1.0
7597745,113,127,133,1261,20,0.0,0,1.1834402,0.8729003781746536,0.2679291438782278,0.0744609093790793,1.0
7597746,114,127,133,1262,20,0.0,0,1.0694867,0.6920256121578334,0.4078819545863961,0.0029275044553852317,1.0
7597747,115,127,133,1263,20,0.0,0,1.2942448,0.9759416862361153,0.4380472928987034,-0.1080006676590334,1.0
7597748,116,127,133,1264,20,0.0,0,1.0776997,1.007636939169925,0.13173954744359473,-0.04639530623467775,1.0
7597749,117,127,133,1265,20,0.0,3,0.71648455,0.30794663718671256,0.21840275889016308,0.4017868032623421,1.0
7597963,107,128,133,1266,20,0.0,0,1.1394762,0.7425173881389782,0.2765275737970781,0.4311227500062684,1.0
7597964,108,128,133,1267,20,0.0,0,0.99511826,0.6852301703141884,0.24806221400763426,0.38667826354490337,1.0
7597965,109,128,133,1268,20,0.0,0,0.9336677,0.6212094466539513,0.20552229136959377,0.37169539935565465,1.0
7597966,110,128,133,1269,20,0.0,0,0.99968505,0.7806340548927342,0.03014890482677793,0.20669168979175107,1.0
7597967,111,128,133,1270,20,0.0,1,0.990394,0.9909893541378274,0.10597906660250592,0.036249457358754594,1.0
7597968,112,128,133,1271,20,0.0,1,1.0105438,0.8527001539156648,0.23380131165740853,0.008403027368199789,1.0
7597969,113,128,133,1272,20,0.0,0,1.00754,0.788838124862922,0.22555028593005177,-0.08111300524322837,1.0
7597970,114,128,133,1273,20,0.0,0,0.9520828,0.5359705746235052,0.39534368144608295,-0.14558592280147892,1.0
7597971,115,128,133,1274,20,0.0,0,1.144933,0.7597325098644353,0.45359490272566827,-0.217950154097749,1.0
7597972,116,128,133,1275,20,0.0,3,0.8188312,0.32067913010923943,0.24623790169860713,0.12553259636276007,1.0
7597973,117,128,133,1276,20,0.0,0,1.26156,1.221543491814292,0.14874142221465922,-0.23357039689712064,1.0
7598187,107,129,133,1277,20,0.0,0,1.1984437,1.0249407003870514,0.3324373343521855,0.3186625465757146,1.0
7598188,108,129,133,1278,20,0.0,0,1.255271,1.050447265056442,0.1701460883009973,0.28445061282962425,1.0
7598189,109,129,133,1279,20,0.0,0,0.8635056,0.8914785066956594,0.15106818482779263,0.2881823480140416,1.0
7598190,110,129,133,1280,20,0.0,0,1.1072385,0.9413031373247245,0.04395752319090997,0.16032504051115384,1.0
7598191,111,129,133,1281,20,0.0,0,1.5299244,1.2214650625984613,0.087786712546741,-0.04356297882918586,1.0
7598192,112,129,133,1282,20,0.0,0,1.1387938,1.2788291313358706,0.08559840160437134,-0.05713169556116673,1.0
7598193,113,129,133,1283,20,0.0,1,0.7818328,0.6210578409336425,0.10640735710013519,-0.05893761166829203,1.0
7598194,114,129,133,1284,20,0.0,0,0.84838486,0.622029938079053,0.33493389134022494,-0.3203742317851654,1.0
7598195,115,129,133,1285,20,0.0,0,0.97244066,0.6676891158884236,0.2523521461574222,-0.3154539689877652,1.0
7598196,116,129,133,1286,20,0.0,0,1.1575395,0.8792662380870117,0.2956172348081379,-0.28687297617474466,1.0
7598197,117,129,133,1287,20,0.0,2,1.1436325,0.5401085076229288,0.34247012494567675,-0.013835408129541323,1.0
7598411,107,130,133,1288,20,0.0,0,1.2360626,1.297670963148481,0.3927355350201058,0.23735750517492232,1.0
7598412,108,130,133,1289,20,0.0,0,1.2884581,1.2397586017910174,0.17977144140755225,0.24174899612318682,1.0
7598413,109,130,133,1290,20,0.0,1,0.89097655,0.9513942823626409,0.11877827179690824,0.33035441967571705,1.0
7598414,110,130,133,1291,20,0.0,0,1.0689465,1.0588900745490544,0.0981615184585914,0.20715256035327448,1.0
7598415,111,130,133,1292,20,0.0,0,1.7717348,1.3807296134441835,0.0674023070315302,-0.00042816157260506095,1.0
7598416,112,130,133,1293,20,0.0,0,1.5879049,1.369735660147731,0.07345860803969971,-0.06939433703172704,1.0
7598417,113,130,133,1294,20,0.0,0,1.0046686,0.8978993689314175,0.09147126575405372,-0.14760103811641456,1.0
7598418,114,130,133,1295,20,0.0,3,0.7640266,0.3496315512090713,0.1326359753075522,-0.6680964981586197,1.0
7598419,115,130,133,1296,20,0.0,0,1.1463233,0.6792788787356189,0.28575938755888286,-0.33760984254422743,1.0
7598420,116,130,133,1297,20,0.0,0,1.521394,0.8094026720613231,0.3826667316667623,-0.29747864925750195,1.0
7598421,117,130,133,1298,20,0.0,0,1.2770305,1.2197645481420916,0.20874717315124114,-0.3358887135983044,1.0
7598635,107,131,133,1299,20,0.0,1,1.2525011,1.3185635841101109,0.3378804864735424,0.2462240781491217,1.0
7598636,108,131,133,1300,20,0.0,0,1.3102812,1.317164393018143,0.2747164333839487,0.2470129951833547,1.0
7598637,109,131,133,1301,20,0.0,1,1.104861,0.9866442645434654,0.2058773316579931,0.37599458033132893,1.0
7598638,110,131,133,1302,20,0.0,0,1.2051834,1.1680241705631695,0.16798367466163783,0.23161074519276612,1.0
7598639,111,131,133,1303,20,0.0,0,1.7822139,1.4981912382558025,0.06751275303656086,0.01672533853750126,1.0
7598640,112,131,133,1304,20,0.0,0,1.5803362,1.5099517013697537,0.2661441154552785,-0.15138566862409927,1.0
7598641,113,131,133,1305,20,0.0,0,0.9320396,0.9650107457653292,0.050569388468256815,-0.15025639529353874,1.0
7598642,114,131,133,1306,20,0.0,0,0.86714,0.6320314178705794,0.19851078183624415,-0.22829383458854563,1.0
7598643,115,131,133,1307,20,0.0,1,0.6174953,0.4969083077035642,0.2505768507921164,-0.2597179110756296,1.0
7598644,116,131,133,1308,20,0.0,0,1.3332545,0.7436446836366932,0.37599027342724184,-0.2843180075253484,1.0
7598645,117,131,133,1309,20,0.0,0,1.5451919,1.3863335512126747,0.3622710184586293,-0.459443494717019,1.0
7598859,107,132,133,1310,20,0.0,0,1.4180639,1.682489257785152,0.3352822298133436,0.09965837757608152,1.0
7598860,108,132,133,1311,20,0.0,0,1.329763,1.3442216155289477,0.367811814102831,0.25364222370242095,1.0
7598861,109,132,133,1312,20,0.0,0,1.1791636,1.3526602593191932,0.10190402039048455,0.2692695769277928,1.0
7598862,110,132,133,1313,20,0.0,0,1.4251612,1.3865050823498932,0.07131138433195702,0.13556810841121594,1.0
7598863,111,132,133,1314,20,0.0,0,1.7384156,1.6579601141463585,0.11780322140502328,-0.025407672375381184,1.0
7598864,112,132,133,1315,20,0.0,0,1.4693843,1.6700549368320778,0.2629698490697268,-0.15204496265702666,1.0
7598865,113,132,133,1316,20,0.0,0,1.1675649,1.0307226003767804,0.02134624688589965,-0.1299309488386024,1.0
7598866,114,132,133,1317,20,0.0,0,1.0427382,0.46257649265534667,0.5076793153436684,-0.11291426420621076,1.0
7598867,115,132,133,1318,20,0.0,1,1.0108361,0.7624214396838287,0.14880300789384776,-0.3702018250930622,1.0
7598868,116,132,133,1319,20,0.0,0,1.0787514,0.8697356488051312,0.34916768530906206,-0.3329313705460277,1.0
7598869,117,132,133,1320,20,0.0,0,1.5534139,1.5493397249143683,0.42311540576623735,-0.5085050612686248,1.0
7599083,107,133,133,1321,20,0.0,0,1.4796798,1.7118931257273036,0.3380028325386281,0.053134107995340345,1.0
7599084,108,133,133,1322,20,0.0,0,1.3621103,1.4006205291531173,0.15593246798073654,0.20212361216546965,1.0
7599085,109,133,133,1323,20,0.0,0,1.530696,1.2840323085380707,0.1468886267494527,0.26606082916697493,1.0
7599086,110,133,133,1324,20,0.0,0,1.4321654,1.3992273326222804,0.06688503107970475,0.12398062645770265,1.0
7599087,111,133,133,1325,20,0.0,0,1.7989866,1.6798583735963029,0.07495966058513019,-0.08620107488499573,1.0
7599088,112,133,133,1326,20,0.0,0,1.7770298,1.6852908190283002,0.1730559952604275,-0.13070273213019618,1.0
7599089,113,133,133,1327,20,0.0,0,1.0898099,1.0625654101475979,0.028383743739854243,-0.10264781117379719,1.0
7599090,114,133,133,1328,20,0.0,0,0.90781313,0.547782327700286,0.49846914933765624,-0.09362871324403789,1.0
7599091,115,133,133,1329,20,0.0,0,1.1352365,0.5375978932823682,0.7111512152249657,-0.16491257399385797,1.0
7599092,116,133,133,1330,20,0.0,0,1.2066008,0.9553534866927159,0.444083058439906,-0.29141469299248696,1.0
7599093,117,133,133,1331,20,0.0,0,1.3063344,1.6056595705978518,0.19740206767997004,-0.47924530515595665,1.0
